Invoice ID,Branch,City,Customer type,Gender,Product line,Unit price,Quantity,Tax,Total,Date,Time,Payment,COGS,Gross margin percentage,Gross income,Rating
751-000000,A,Naypyidaw,Member,Male,Health and beauty,424.11,1,0.0698,453.71,01/01/2022,12:09:06,Cash,166.74,63.25,286.97,6.2
751-000001,A,Yangon,Normal,Female,Book and media,400.0,7,0.0716,3000.48,01/01/2022,13:54:00,E wallet,1076.87,64.11,1923.61,8.4
751-000002,A,Naypyidaw,Member,Female,Sports and outdoors,95.81,2,0.0785,206.66,01/01/2022,16:35:20,E wallet,91.03,55.95,115.63,7.6
751-000003,C,Mandalay,Normal,Male,Health and beauty,339.65,4,0.0501,1426.67,02/01/2022,04:51:23,E wallet,776.11,45.6,650.56,5.1
751-000004,C,Mandalay,Member,Female,Food and beverages,118.05,9,0.063,1129.38,02/01/2022,22:24:06,Credit card,533.41,52.77,595.97,5.8
751-000005,B,Naypyidaw,Member,Female,Health and beauty,116.92,6,0.0759,754.77,02/01/2022,09:16:28,Credit card,328.48,56.48,426.29,6.0
751-000006,C,Mandalay,Normal,Male,Book and media,438.3,8,0.0861,3808.3,03/01/2022,06:32:06,E wallet,1509.99,60.35,2298.31,7.4
751-000007,C,Mandalay,Member,Male,Health and beauty,132.34,2,0.0587,280.22,04/01/2022,10:08:11,E wallet,117.05,58.23,163.17,9.0
751-000008,B,Mandalay,Member,Male,Sports and outdoors,138.99,7,0.0773,1048.14,05/01/2022,02:03:35,Cash,504.99,51.82,543.15,9.6
751-000009,C,Mandalay,Member,Female,Home and lifestyle,10.32,6,0.0857,67.23,05/01/2022,12:22:18,Cash,34.99,47.96,32.24,8.5
751-000010,A,Naypyidaw,Normal,Male,Book and media,436.63,9,0.0722,4213.39,05/01/2022,09:36:38,Credit card,2315.26,45.05,1898.13,9.1
751-000011,A,Yangon,Member,Female,Food and beverages,398.37,7,0.0514,2931.92,05/01/2022,15:32:11,Credit card,1148.73,60.82,1783.19,6.8
751-000012,B,Yangon,Member,Male,Sports and outdoors,317.39,1,0.0725,340.4,06/01/2022,01:06:10,Cash,138.34,59.36,202.06,6.3
751-000013,B,Mandalay,Normal,Female,Health and beauty,377.63,8,0.0648,3216.8,07/01/2022,12:30:01,E wallet,1266.78,60.62,1950.02,6.4
751-000014,B,Yangon,Normal,Male,Health and beauty,84.5,3,0.0965,277.96,08/01/2022,06:14:56,Cash,135.7,51.18,142.26,7.7
751-000015,A,Yangon,Normal,Male,Home and lifestyle,234.58,2,0.0562,495.53,08/01/2022,10:33:38,Credit card,258.32,47.87,237.21,4.7
751-000016,C,Mandalay,Member,Female,Food and beverages,182.1,3,0.0826,591.42,09/01/2022,03:10:28,Credit card,220.07,62.79,371.35,7.5
751-000017,A,Mandalay,Member,Female,Food and beverages,55.95,6,0.0526,353.36,09/01/2022,01:15:38,Cash,130.0,63.21,223.36,8.0
751-000018,B,Yangon,Member,Female,Electronic accessories,248.2,3,0.0723,798.43,10/01/2022,12:36:16,Cash,369.91,53.67,428.52,6.6
751-000019,C,Naypyidaw,Normal,Female,Food and beverages,461.16,5,0.0777,2484.96,10/01/2022,20:43:18,Cash,1034.74,58.36,1450.22,9.7
751-000020,C,Mandalay,Member,Female,Home and lifestyle,29.63,6,0.0649,189.32,12/01/2022,06:37:07,Credit card,92.37,51.21,96.95,7.6
751-000021,A,Naypyidaw,Member,Female,Clothing and accessories,152.82,8,0.0728,1311.56,12/01/2022,12:36:01,E wallet,510.72,61.06,800.84,5.3
751-000022,B,Yangon,Normal,Male,Electronic accessories,111.7,35,0.0582,8274.1,13/01/2022,08:10:23,Cash,289.01,65.07,538.4,6.9
751-000023,A,Mandalay,Normal,Female,Electronic accessories,126.69,8,0.0652,1079.6,14/01/2022,05:25:06,Credit card,424.82,60.65,654.78,8.1
751-000024,C,Naypyidaw,Normal,Male,Health and beauty,455.13,3,0.0811,1476.12,15/01/2022,06:18:05,Credit card,658.64,55.38,817.48,5.9
751-000025,A,Mandalay,Normal,Male,Health and beauty,239.35,4,0.0651,1019.73,15/01/2022,10:28:42,Credit card,471.52,53.76,548.21,4.5
751-000026,A,Yangon,Normal,Female,Food and beverages,238.49,6,0.095,1566.88,15/01/2022,06:01:18,Cash,638.19,59.27,928.69,7.5
751-000027,B,Naypyidaw,Member,Male,Electronic accessories,382.68,7,0.0814,2896.81,16/01/2022,03:57:05,Cash,1147.43,60.39,1749.38,9.7
751-000028,B,Yangon,Normal,Female,Health and beauty,85.7,9,0.0719,826.76,17/01/2022,16:56:36,E wallet,357.49,56.76,469.27,6.9
751-000029,C,Yangon,Member,Female,Home and lifestyle,248.76,1,0.0519,261.67,18/01/2022,06:08:24,Credit card,107.94,58.75,153.73,9.4
751-000030,A,Mandalay,Member,Male,Health and beauty,220.69,8,0.075,1897.93,19/01/2022,00:00:50,Cash,1083.72,42.9,814.21,9.0
751-000031,A,Naypyidaw,Normal,Male,Book and media,302.49,8,0.0882,2633.36,20/01/2022,05:17:09,Credit card,828.19,68.55,1805.17,4.9
751-000032,A,Yangon,Normal,Female,Book and media,499.78,6,0.0633,3188.5,21/01/2022,10:32:00,Credit card,1156.79,63.72,2031.71,8.2
751-000033,C,Yangon,Normal,Female,Health and beauty,387.03,4,0.0903,1687.92,21/01/2022,12:36:19,E wallet,823.37,51.22,864.55,6.6
751-000034,C,Naypyidaw,Member,Male,Electronic accessories,204.95,3,0.0626,653.34,22/01/2022,00:51:02,Cash,281.72,56.88,371.62,5.5
751-000035,B,Yangon,Normal,Male,Clothing and accessories,415.5,3,0.0912,1360.18,22/01/2022,17:40:13,Cash,796.79,41.42,563.39,8.1
751-000036,B,Yangon,Normal,Male,Clothing and accessories,93.65,6,0.0543,592.41,23/01/2022,16:54:45,Credit card,348.1,41.24,244.31,8.5
751-000037,B,Naypyidaw,,Male,Electronic accessories,24.93,8,0.0933,218.05,23/01/2022,03:36:25,Credit card,114.43,47.52,103.62,5.1
751-000038,A,Naypyidaw,Normal,Female,Sports and outdoors,110.18,7,0.075,829.1,25/01/2022,20:16:21,E wallet,325.92,60.69,503.18,9.5
751-000039,A,Naypyidaw,Normal,Female,Clothing and accessories,176.8,1,0.0648,188.26,25/01/2022,01:54:21,E wallet,64.84,65.56,123.42,8.5
751-000040,B,Naypyidaw,Member,Female,Book and media,260.18,6,0.0633,1659.9,26/01/2022,04:03:35,E wallet,717.41,56.78,942.49,9.6
751-000041,A,Mandalay,Member,Female,Home and lifestyle,311.41,7,0.0716,2335.95,26/01/2022,05:51:20,E wallet,1028.75,55.96,1307.2,5.9
751-000042,B,Naypyidaw,Member,Male,Electronic accessories,456.2,7,0.1,3512.74,27/01/2022,12:53:36,E wallet,1683.66,52.07,1829.08,9.6
751-000043,C,Mandalay,Normal,Male,Food and beverages,259.83,9,0.061,2481.12,28/01/2022,22:24:25,E wallet,1368.34,44.85,1112.78,6.2
751-000044,B,Mandalay,Normal,Female,Book and media,255.63,5,0.0552,1348.7,28/01/2022,22:38:19,Credit card,761.34,43.55,587.36,4.3
751-000045,C,Mandalay,Normal,Female,Home and lifestyle,34.62,1,0.0793,37.37,28/01/2022,00:13:55,E wallet,13.89,62.82,23.48,8.6
751-000046,A,Yangon,Member,Female,Home and lifestyle,27.11,2,0.0744,58.25,28/01/2022,03:16:20,Credit card,18.74,67.83,39.51,8.2
751-000047,B,Mandalay,Normal,Female,Electronic accessories,280.07,4,0.0762,1205.65,29/01/2022,13:15:45,Credit card,557.61,53.75,648.04,7.6
751-000048,A,Mandalay,Normal,Female,Home and lifestyle,224.71,5,0.0833,1217.14,02/02/2022,15:55:19,Cash,489.53,59.78,727.61,6.9
751-000049,C,Yangon,Normal,Female,Electronic accessories,421.2,9,0.0634,4031.14,02/02/2022,07:23:02,Credit card,1312.94,67.43,2718.2,
751-000050,C,Yangon,Member,Female,Clothing and accessories,88.73,1,0.0955,97.2,03/02/2022,18:32:01,Credit card,55.7,42.7,41.5,7.7
751-000051,C,Yangon,Normal,Female,Health and beauty,22.24,3,0.0718,71.51,03/02/2022,14:21:09,E wallet,26.38,63.11,45.13,6.5
751-000052,A,Naypyidaw,Member,Female,Book and media,230.03,5,0.0565,1215.13,04/02/2022,17:21:45,Credit card,504.28,58.5,710.85,7.4
751-000053,A,Yangon,Normal,Male,Sports and outdoors,126.36,3,0.0871,412.1,04/02/2022,16:26:12,E wallet,173.25,57.96,238.85,6.6
751-000054,A,Yangon,Member,Female,Health and beauty,34.31,4,0.0822,148.52,05/02/2022,00:04:25,E wallet,76.07,48.78,72.45,9.8
751-000055,A,Mandalay,Member,Male,Book and media,365.05,3,0.0658,1167.21,05/02/2022,12:26:56,E wallet,460.81,60.52,706.4,7.6
751-000056,C,Yangon,Member,Male,Electronic accessories,64.68,4,0.0811,279.7,06/02/2022,13:23:02,Cash,101.14,63.84,178.56,8.5
751-000057,C,Naypyidaw,Normal,Female,Book and media,308.08,1,0.061,326.87,06/02/2022,14:50:48,E wallet,185.04,43.39,141.83,9.6
751-000058,B,Yangon,Normal,Female,Clothing and accessories,147.71,8,0.0722,1267.0,06/02/2022,02:47:13,Credit card,557.35,56.01,709.65,7.5
751-000059,B,Naypyidaw,Member,Male,Electronic accessories,95.01,4,0.095,416.14,07/02/2022,11:27:43,E wallet,237.03,43.04,179.11,4.1
751-000060,A,Yangon,Member,Male,Health and beauty,196.08,7,0.0567,1450.38,08/02/2022,10:16:39,E wallet,490.52,66.18,959.86,4.2
751-000061,C,Yangon,Normal,Female,Food and beverages,402.71,2,0.0693,861.24,08/02/2022,16:20:56,E wallet,385.58,55.23,475.66,8.2
751-000062,C,Yangon,Normal,Male,Food and beverages,202.13,2,0.0911,441.09,08/02/2022,22:19:10,Cash,157.73,64.24,283.36,5.7
751-000063,C,Yangon,Member,Female,Book and media,377.88,6,0.0985,2490.61,08/02/2022,01:09:09,Credit card,1219.4,51.04,1271.21,7.5
751-000064,B,Naypyidaw,Normal,Female,Food and beverages,71.49,2,0.0727,153.37,09/02/2022,10:05:35,Cash,86.27,43.75,67.1,5.2
751-000065,B,Naypyidaw,Normal,Female,Electronic accessories,388.66,6,0.0753,2507.56,10/02/2022,11:42:54,Credit card,1473.44,41.24,1034.12,5.6
751-000066,C,Mandalay,Normal,Male,Home and lifestyle,126.1,2,0.0786,272.02,10/02/2022,22:26:57,Cash,140.23,48.45,131.79,7.0
751-000067,C,Naypyidaw,Normal,Male,Electronic accessories,341.92,4,0.0966,1499.8,10/02/2022,12:36:05,Credit card,789.94,47.33,709.86,9.9
751-000068,C,Yangon,Member,Female,Home and lifestyle,287.23,7,0.0929,2197.4,11/02/2022,00:05:49,Cash,949.06,56.81,1248.34,7.7
751-000069,B,Mandalay,Normal,Male,Health and beauty,465.28,8,0.0585,3939.99,12/02/2022,21:40:23,E wallet,2338.38,40.65,1601.61,9.6
751-000070,C,Mandalay,Normal,Male,Sports and outdoors,199.79,3,0.0718,642.4,12/02/2022,14:25:07,Cash,285.1,55.62,357.3,9.8
751-000071,C,Mandalay,Member,Male,Home and lifestyle,42.42,9,0.0732,409.73,15/02/2022,18:23:47,Cash,197.69,51.75,212.04,5.2
751-000072,A,Yangon,Member,Male,Food and beverages,19.39,2,0.0895,42.25,15/02/2022,05:05:53,E wallet,18.04,57.31,24.21,5.9
751-000073,A,Naypyidaw,Normal,Male,Electronic accessories,415.16,8,0.0801,3587.31,16/02/2022,02:41:00,E wallet,1396.54,61.07,2190.77,8.6
751-000074,B,Yangon,Normal,Male,Health and beauty,267.12,8,0.0827,2313.69,16/02/2022,13:35:57,Credit card,948.15,59.02,1365.54,9.2
751-000075,C,Mandalay,Normal,Male,Food and beverages,389.87,4,0.0999,1715.27,16/02/2022,11:37:10,Credit card,522.47,69.54,1192.8,7.1
751-000076,C,Yangon,Normal,Female,Health and beauty,124.87,1,0.0537,131.58,16/02/2022,11:41:49,Credit card,73.49,44.15,58.09,10.0
751-000077,A,Yangon,Member,Male,Sports and outdoors,179.09,1,0.0612,190.05,17/02/2022,06:06:10,Cash,89.53,52.89,100.52,4.1
751-000078,B,Naypyidaw,Member,Male,Clothing and accessories,24.75,2,0.0704,52.98,17/02/2022,03:51:30,Credit card,25.04,52.74,27.94,5.8
751-000079,A,Naypyidaw,Member,Male,Electronic accessories,481.13,9,0.0674,4622.02,18/02/2022,00:12:17,Cash,2195.0,52.51,2427.02,7.7
751-000080,A,Mandalay,Normal,Male,Book and media,337.26,2,0.0511,708.99,20/02/2022,08:57:55,Cash,284.23,59.91,424.76,6.8
751-000081,A,Yangon,Normal,Male,Electronic accessories,467.27,2,0.0546,985.57,20/02/2022,08:30:54,Credit card,446.56,54.69,539.01,4.7
751-000082,A,Yangon,Normal,Male,Sports and outdoors,140.09,6,0.084,911.15,20/02/2022,08:09:01,Credit card,405.28,55.52,505.87,6.2
751-000083,C,Naypyidaw,Normal,Male,Electronic accessories,309.62,7,0.094,2371.07,22/02/2022,05:14:02,Cash,1115.11,52.97,1255.96,4.2
751-000084,C,Yangon,Member,Male,Book and media,342.46,7,0.0757,2578.69,22/02/2022,10:30:05,E wallet,780.05,69.75,1798.64,7.9
751-000085,A,Yangon,Member,Female,Home and lifestyle,165.6,9,0.077,1605.16,22/02/2022,02:55:10,E wallet,516.38,67.83,1088.78,9.4
751-000086,B,Yangon,Normal,Male,Health and beauty,425.57,6,0.0628,2713.77,22/02/2022,14:44:51,Cash,1377.78,49.23,1335.99,9.3
751-000087,B,Naypyidaw,Member,Male,Book and media,474.11,8,0.0884,4128.17,23/02/2022,09:37:46,Credit card,2338.61,43.35,1789.56,8.2
751-000088,B,Mandalay,Normal,Male,Food and beverages,443.58,6,0.0876,2894.63,23/02/2022,17:49:06,Cash,1007.62,65.19,1887.01,6.8
751-000089,B,Mandalay,Normal,Male,Sports and outdoors,372.14,2,0.0794,803.38,23/02/2022,14:17:17,Cash,241.66,69.92,561.72,7.1
751-000090,A,Yangon,Member,Female,Home and lifestyle,145.96,1,0.0606,154.81,25/02/2022,19:40:23,Credit card,79.29,48.78,75.52,4.8
751-000091,C,Mandalay,Normal,Female,Food and beverages,147.99,5,0.0549,780.57,25/02/2022,01:39:19,E wallet,384.59,50.73,395.98,6.0
751-000092,B,Naypyidaw,Normal,Female,Food and beverages,482.05,9,0.0532,4569.26,27/02/2022,01:42:25,Cash,1450.74,68.25,3118.52,5.1
751-000093,A,Naypyidaw,Member,Female,Sports and outdoors,15.04,8,0.0796,129.9,27/02/2022,06:37:29,E wallet,50.23,61.33,79.67,8.9
751-000094,B,Mandalay,Normal,Female,Home and lifestyle,360.86,4,0.0913,1575.23,27/02/2022,09:04:10,E wallet,805.42,48.87,769.81,9.5
751-000095,B,Mandalay,Normal,Female,Clothing and accessories,356.06,5,0.0929,1945.69,27/02/2022,00:33:55,Credit card,828.28,57.43,1117.41,7.2
751-000096,A,Yangon,Member,Female,Food and beverages,315.12,5,0.0732,1690.93,28/02/2022,00:18:01,Cash,535.52,68.33,1155.41,8.4
751-000097,C,Mandalay,Normal,Female,Food and beverages,495.15,6,0.0892,3235.9,02/03/2022,20:19:22,Cash,1153.6,64.35,2082.3,4.7
751-000098,C,Yangon,Member,Female,Home and lifestyle,162.82,3,0.0973,535.99,03/03/2022,20:23:03,E wallet,202.34,62.25,333.65,7.7
751-000099,A,Yangon,Normal,Female,Electronic accessories,176.59,5,0.0638,939.28,04/03/2022,11:21:19,E wallet,355.89,62.11,583.39,8.2
751-000100,C,Naypyidaw,Member,Female,Food and beverages,48.68,2,0.0699,104.17,04/03/2022,17:00:29,Credit card,56.94,45.34,47.23,6.7
751-000101,A,Naypyidaw,Member,Female,Health and beauty,226.97,1,0.0966,248.9,06/03/2022,00:23:13,E wallet,87.76,64.74,161.14,5.5
751-000102,A,Naypyidaw,Member,Female,Home and lifestyle,137.91,1,0.0669,147.14,06/03/2022,03:04:10,Credit card,76.1,48.28,71.04,9.3
751-000103,A,Naypyidaw,Normal,Female,Food and beverages,178.26,7,0.0957,1367.24,08/03/2022,22:12:15,Cash,438.75,67.91,928.49,8.5
751-000104,C,Mandalay,Member,Female,Sports and outdoors,418.94,2,0.0991,920.91,10/03/2022,12:23:53,Credit card,451.8,50.94,469.11,9.4
751-000105,A,Naypyidaw,Member,Female,Book and media,468.39,4,0.0831,2029.25,10/03/2022,01:15:37,E wallet,695.42,65.73,1333.83,8.9
751-000106,B,Mandalay,Member,Male,Health and beauty,101.01,5,0.0908,550.91,10/03/2022,13:00:48,Cash,286.53,47.99,264.38,9.9
751-000107,C,Naypyidaw,Member,Female,Book and media,192.53,7,0.0875,1465.63,11/03/2022,10:50:34,Credit card,653.08,55.44,812.55,5.2
751-000108,C,Mandalay,Member,Male,Book and media,465.03,2,0.085,1009.12,13/03/2022,10:28:36,Cash,573.08,43.21,436.04,4.5
751-000109,C,Yangon,Normal,Female,Food and beverages,40.29,6,0.0653,257.53,13/03/2022,16:57:53,Credit card,103.53,59.8,154.0,6.0
751-000110,C,Mandalay,Normal,Female,Health and beauty,55.26,1,0.0529,58.18,14/03/2022,06:41:27,E wallet,20.32,65.08,37.86,4.8
751-000111,B,Mandalay,Normal,Male,Health and beauty,89.77,7,0.0672,670.62,15/03/2022,10:02:51,E wallet,257.85,61.55,412.77,7.1
751-000112,C,Naypyidaw,Normal,Female,Electronic accessories,301.65,9,0.0833,2941.0,16/03/2022,09:58:41,Cash,1302.86,55.7,1638.14,7.8
751-000113,C,Mandalay,Normal,Male,Book and media,83.73,5,0.0551,441.72,16/03/2022,13:11:46,Cash,259.07,41.35,182.65,7.5
751-000114,A,Yangon,Normal,Male,Health and beauty,484.36,5,0.0506,2544.34,16/03/2022,09:29:31,Cash,814.19,68.0,1730.15,5.6
751-000115,C,Yangon,Normal,Male,Electronic accessories,228.89,4,0.057,967.75,17/03/2022,09:31:25,Credit card,375.87,61.16,591.88,9.5
751-000116,B,Naypyidaw,Member,Female,Home and lifestyle,255.74,3,0.0858,833.05,17/03/2022,18:00:55,E wallet,313.39,62.38,519.66,4.1
751-000117,B,Yangon,Normal,Female,Electronic accessories,130.86,9,0.0986,1293.87,19/03/2022,09:01:16,Cash,467.86,63.84,826.01,6.1
751-000118,B,Mandalay,Member,Female,Sports and outdoors,240.77,5,0.0992,1323.27,19/03/2022,06:06:51,Cash,497.15,62.43,826.12,8.3
751-000119,B,Yangon,Member,Male,Clothing and accessories,334.34,8,0.0747,2874.52,19/03/2022,08:21:33,Cash,1344.41,53.23,1530.11,8.6
751-000120,C,Naypyidaw,Normal,Male,Food and beverages,378.08,9,0.0935,3720.87,21/03/2022,13:48:00,Credit card,1413.56,62.01,2307.31,6.5
751-000121,C,Mandalay,Member,Female,Home and lifestyle,379.4,5,0.0868,2061.66,22/03/2022,08:19:52,Cash,850.43,58.75,1211.23,4.1
751-000122,B,Naypyidaw,Member,Female,Clothing and accessories,293.17,9,0.0751,2836.68,22/03/2022,18:35:39,Cash,975.25,65.62,1861.43,7.7
751-000123,B,Mandalay,Member,Female,Clothing and accessories,453.14,2,0.0786,977.51,22/03/2022,12:03:08,Credit card,351.22,64.07,626.29,4.4
751-000124,C,Yangon,Member,Female,Home and lifestyle,410.53,9,0.0569,3905.0,24/03/2022,08:21:17,Credit card,2294.58,41.24,1610.42,4.6
751-000125,B,Naypyidaw,Normal,Female,Sports and outdoors,380.95,4,0.0969,1671.46,26/03/2022,11:41:42,Cash,812.83,51.37,858.63,7.9
751-000126,A,Naypyidaw,Normal,Male,Electronic accessories,37.25,6,0.0676,238.61,27/03/2022,06:08:05,Cash,140.68,41.04,97.93,5.9
751-000127,B,Mandalay,Normal,Male,Food and beverages,13.37,6,0.0723,86.02,27/03/2022,18:47:46,Credit card,48.98,43.06,37.04,6.1
751-000128,B,Naypyidaw,Normal,Male,Electronic accessories,114.1,6,0.0836,741.83,27/03/2022,06:15:04,E wallet,311.27,58.04,430.56,6.9
751-000129,A,Mandalay,Normal,Female,Health and beauty,335.13,2,0.0667,714.97,29/03/2022,15:00:50,Credit card,241.59,66.21,473.38,9.9
751-000130,A,Mandalay,Normal,Male,Electronic accessories,211.49,7,0.0627,1573.25,31/03/2022,04:38:18,E wallet,887.47,43.59,685.78,9.8
751-000131,C,Mandalay,Normal,Male,Home and lifestyle,207.18,6,0.0816,1344.52,31/03/2022,21:36:16,Cash,624.8,53.53,719.72,6.5
751-000132,C,Mandalay,Normal,Male,Food and beverages,443.45,1,0.0512,466.15,31/03/2022,21:07:32,Cash,152.29,67.33,313.86,5.6
751-000133,A,Yangon,Normal,Male,Electronic accessories,448.83,2,0.086,974.86,01/04/2022,01:29:46,E wallet,346.76,64.43,628.1,5.8
751-000134,A,Mandalay,Normal,Male,Food and beverages,455.5,7,0.0757,3429.87,02/04/2022,19:17:42,Credit card,1523.21,55.59,1906.66,5.6
751-000135,C,Naypyidaw,Member,Female,Food and beverages,163.8,1,0.0803,176.95,02/04/2022,09:23:55,Cash,65.21,63.15,111.74,7.2
751-000136,B,Yangon,Normal,Male,Health and beauty,348.62,1,0.0816,377.07,03/04/2022,03:36:03,E wallet,167.12,55.68,209.95,7.6
751-000137,A,Naypyidaw,Member,Female,Health and beauty,143.1,1,0.0764,154.03,04/04/2022,12:24:12,Credit card,85.12,44.74,68.91,6.9
751-000138,C,Yangon,Member,Female,Home and lifestyle,103.4,8,0.0791,892.63,05/04/2022,17:58:23,E wallet,502.19,43.74,390.44,6.4
751-000139,B,Mandalay,Member,Female,Sports and outdoors,100.47,4,0.0842,435.72,05/04/2022,01:47:32,Credit card,236.81,45.65,198.91,5.3
751-000140,A,Yangon,Member,Female,Clothing and accessories,177.63,4,0.0877,772.83,06/04/2022,18:08:27,Credit card,382.32,50.53,390.51,6.9
751-000141,B,Yangon,Normal,Female,Food and beverages,220.68,2,0.0864,479.49,06/04/2022,02:56:38,Credit card,153.82,67.92,325.67,6.0
751-000142,C,Naypyidaw,Member,Male,Sports and outdoors,417.17,1,0.0935,456.18,06/04/2022,09:00:41,Credit card,164.27,63.99,291.91,
751-000143,A,Naypyidaw,Normal,Male,Clothing and accessories,68.75,9,0.0595,655.57,08/04/2022,20:08:46,E wallet,308.25,52.98,347.32,8.1
751-000144,B,Mandalay,Normal,Female,Clothing and accessories,370.11,7,0.0701,2772.38,09/04/2022,14:34:56,E wallet,1253.39,54.79,1518.99,7.8
751-000145,A,Yangon,Member,Female,Home and lifestyle,270.41,4,0.0974,1186.99,09/04/2022,04:40:57,E wallet,617.59,47.97,569.4,6.8
751-000146,B,Yangon,Normal,Female,Clothing and accessories,151.09,6,0.0698,969.82,09/04/2022,21:40:22,E wallet,376.97,61.13,592.85,7.3
751-000147,C,Yangon,Member,Male,Clothing and accessories,251.48,2,0.0562,531.23,09/04/2022,06:55:22,E wallet,190.82,64.08,340.41,5.7
751-000148,C,Mandalay,Member,Female,Food and beverages,156.97,7,0.0763,1182.63,09/04/2022,11:24:26,Credit card,624.78,47.17,557.85,4.1
751-000149,A,Mandalay,Normal,Male,Food and beverages,302.08,2,0.0555,637.69,09/04/2022,08:05:54,Cash,374.64,41.25,263.05,7.8
751-000150,B,Mandalay,Normal,Female,Book and media,222.58,8,0.0601,1887.66,09/04/2022,01:08:48,Cash,779.23,58.72,1108.43,5.5
751-000151,A,Mandalay,Member,Male,Sports and outdoors,90.56,8,0.0999,796.86,09/04/2022,00:50:05,E wallet,343.61,56.88,453.25,8.0
751-000152,A,Mandalay,Normal,Female,Electronic accessories,67.13,1,0.0771,72.31,10/04/2022,04:30:33,E wallet,34.67,52.06,37.64,8.5
751-000153,B,Naypyidaw,Normal,Male,Health and beauty,277.88,8,0.0642,2365.76,10/04/2022,08:28:57,Cash,962.39,59.32,1403.37,9.5
751-000154,B,Yangon,Normal,Female,Electronic accessories,452.18,2,0.0997,994.52,13/04/2022,13:35:35,Credit card,432.42,56.52,562.1,9.7
751-000155,B,Yangon,Member,Male,Sports and outdoors,178.54,6,0.0983,1176.54,13/04/2022,20:14:07,E wallet,617.45,47.52,559.09,4.1
751-000156,C,Yangon,Member,Male,Health and beauty,369.17,1,0.072,395.75,13/04/2022,03:47:20,Credit card,190.24,51.93,205.51,9.9
751-000157,A,Yangon,Normal,Male,Electronic accessories,332.74,5,0.063,1768.51,14/04/2022,03:15:21,Cash,834.03,52.84,934.48,8.1
751-000158,A,Yangon,Normal,Male,Book and media,466.46,7,0.0919,3565.29,14/04/2022,11:15:50,Cash,1197.58,66.41,2367.71,7.9
751-000159,C,Yangon,Normal,Male,Health and beauty,412.28,1,0.0858,447.65,15/04/2022,07:37:41,E wallet,139.53,68.83,308.12,4.1
751-000160,B,Yangon,Normal,Male,Food and beverages,287.64,2,0.0843,623.78,16/04/2022,04:28:17,Credit card,207.16,66.79,416.62,9.2
751-000161,C,Yangon,Normal,Male,Electronic accessories,331.94,7,0.0947,2543.62,16/04/2022,09:41:38,E wallet,977.26,61.58,1566.36,4.9
751-000162,C,Naypyidaw,Member,Female,Health and beauty,450.21,6,0.0845,2929.52,16/04/2022,17:00:38,Cash,1243.58,57.55,1685.94,9.0
751-000163,C,Yangon,Normal,Female,Book and media,205.76,3,0.0642,656.91,17/04/2022,20:00:14,Credit card,258.3,60.68,398.61,4.1
751-000164,A,Naypyidaw,Member,Female,Clothing and accessories,170.13,2,0.0847,369.08,17/04/2022,03:19:09,E wallet,117.48,68.17,251.6,7.9
751-000165,C,Mandalay,Normal,Female,Health and beauty,15.3,4,0.0653,65.2,19/04/2022,22:40:33,E wallet,34.23,47.5,30.97,6.6
751-000166,A,Yangon,Member,Female,Health and beauty,415.01,3,0.088,1354.59,19/04/2022,13:47:32,E wallet,595.34,56.05,759.25,5.2
751-000167,A,Mandalay,Normal,Male,Book and media,402.48,7,0.081,3045.57,21/04/2022,01:38:09,Cash,1197.21,60.69,1848.36,4.6
751-000168,A,Mandalay,Member,Male,Clothing and accessories,61.18,8,0.0539,515.82,21/04/2022,21:19:00,E wallet,204.37,60.38,311.45,6.6
751-000169,B,Mandalay,Normal,Male,Electronic accessories,292.66,2,0.0756,629.57,21/04/2022,12:00:04,Credit card,330.08,47.57,299.49,4.7
751-000170,A,Naypyidaw,Member,Male,Home and lifestyle,237.35,7,0.0672,1773.1,22/04/2022,15:14:48,E wallet,751.79,57.6,1021.31,6.9
751-000171,A,Mandalay,Member,Male,Electronic accessories,68.17,8,0.0664,581.57,23/04/2022,22:47:44,Cash,210.06,63.88,371.51,7.8
751-000172,B,Mandalay,Member,Female,Clothing and accessories,490.48,6,0.0801,3178.6,23/04/2022,10:16:48,E wallet,1454.21,54.25,1724.39,9.0
751-000173,A,Mandalay,Member,Female,Sports and outdoors,115.2,6,0.0661,736.89,23/04/2022,01:12:13,Cash,266.75,63.8,470.14,8.1
751-000174,C,Yangon,Member,Female,Book and media,42.94,1,0.0888,46.75,23/04/2022,10:27:41,Cash,23.0,50.8,23.75,4.4
751-000175,C,Yangon,Member,Female,Electronic accessories,301.48,4,0.0535,1270.44,25/04/2022,02:58:30,Credit card,404.51,68.16,865.93,5.8
751-000176,A,Naypyidaw,Normal,Male,Health and beauty,372.04,1,0.083,402.92,26/04/2022,16:46:08,Credit card,177.2,56.02,225.72,5.7
751-000177,B,Naypyidaw,Member,Male,Book and media,25.9,4,0.0905,112.98,27/04/2022,09:07:20,E wallet,47.59,57.88,65.39,9.5
751-000178,C,Yangon,Normal,Male,Food and beverages,332.77,2,0.0836,721.18,27/04/2022,12:58:49,Cash,425.93,40.94,295.25,9.2
751-000179,B,Naypyidaw,Normal,Female,Clothing and accessories,270.82,5,0.0749,1455.52,28/04/2022,04:05:29,Cash,798.93,45.11,656.59,6.2
751-000180,B,Yangon,Normal,Male,Electronic accessories,60.6,9,0.0975,598.58,28/04/2022,16:10:19,Credit card,245.48,58.99,353.1,4.4
751-000181,C,Mandalay,Normal,Female,Book and media,94.54,3,0.065,302.06,28/04/2022,15:08:01,Credit card,143.18,52.6,158.88,9.4
751-000182,B,Mandalay,Normal,Male,Electronic accessories,288.31,8,0.051,2424.11,28/04/2022,04:00:03,E wallet,1085.03,55.24,1339.08,9.3
751-000183,C,Naypyidaw,Member,Male,Book and media,155.22,3,0.0716,499.0,29/04/2022,03:53:57,Cash,289.97,41.89,209.03,9.1
751-000184,B,Yangon,Member,Female,Health and beauty,469.77,6,0.0517,2964.34,30/04/2022,02:08:21,Credit card,1036.93,65.02,1927.41,9.1
751-000185,C,Yangon,Member,Male,Food and beverages,411.18,4,0.0977,1805.41,30/04/2022,22:11:09,E wallet,658.25,63.54,1147.16,6.9
751-000186,A,Naypyidaw,Normal,Male,Food and beverages,491.95,8,0.0605,4173.7,01/05/2022,01:42:09,Cash,2272.16,45.56,1901.54,5.1
751-000187,C,Yangon,Member,Female,Sports and outdoors,137.24,6,0.0894,897.06,02/05/2022,21:05:49,Cash,367.53,59.03,529.53,6.9
751-000188,C,Mandalay,Member,Male,Book and media,485.16,8,0.0887,4225.55,02/05/2022,01:29:01,Credit card,1497.96,64.55,2727.59,7.0
751-000189,C,Naypyidaw,Member,Female,Electronic accessories,221.3,1,0.0609,234.78,03/05/2022,09:15:11,E wallet,95.72,59.23,139.06,6.9
751-000190,C,Naypyidaw,Member,Male,Food and beverages,180.28,6,0.0811,1169.4,04/05/2022,00:52:07,Credit card,592.77,49.31,576.63,7.2
751-000191,B,Yangon,Member,Male,Clothing and accessories,34.67,1,0.0524,36.49,05/05/2022,15:49:12,E wallet,14.71,59.68,21.78,5.5
751-000192,A,Naypyidaw,Normal,Male,Food and beverages,35.85,1,0.0742,38.51,06/05/2022,14:52:43,Cash,20.68,46.31,17.83,6.2
751-000193,C,Yangon,Member,Male,Home and lifestyle,349.09,8,0.0507,2934.31,06/05/2022,07:09:45,E wallet,1480.36,49.55,1453.95,6.6
751-000194,B,Yangon,Normal,Male,Home and lifestyle,234.39,7,0.0961,1798.4,06/05/2022,04:49:18,E wallet,949.56,47.2,848.84,4.8
751-000195,A,Yangon,Normal,Male,Food and beverages,121.0,3,0.0988,398.86,07/05/2022,14:37:58,E wallet,172.67,56.71,226.19,6.7
751-000196,A,Yangon,Normal,Male,Book and media,310.85,6,0.0611,1979.06,08/05/2022,10:52:42,E wallet,1123.12,43.25,855.94,8.9
751-000197,A,Yangon,Normal,Male,Sports and outdoors,133.9,9,0.0604,1277.89,09/05/2022,19:19:20,E wallet,408.92,68.0,868.97,9.0
751-000198,A,Naypyidaw,Normal,Female,Food and beverages,293.04,7,0.0877,2231.18,10/05/2022,17:56:49,Credit card,1115.37,50.01,1115.81,6.5
751-000199,C,Mandalay,Member,Female,Health and beauty,186.01,3,0.0627,593.02,11/05/2022,09:33:25,E wallet,316.85,46.57,276.17,7.1
751-000200,C,Mandalay,Member,Male,Electronic accessories,413.54,6,0.0948,2716.46,11/05/2022,08:45:50,E wallet,1225.12,54.9,1491.34,4.2
751-000201,B,Naypyidaw,Member,Male,Sports and outdoors,412.14,4,0.0787,1778.3,11/05/2022,09:54:03,Cash,919.2,48.31,859.1,8.0
751-000202,B,Naypyidaw,Normal,Female,Health and beauty,243.9,3,0.0675,781.09,12/05/2022,05:13:03,E wallet,343.29,56.05,437.8,6.4
751-000203,B,Mandalay,Member,Male,Sports and outdoors,181.9,9,0.0916,1787.06,13/05/2022,14:47:38,Cash,885.31,50.46,901.75,6.7
751-000204,A,Mandalay,Member,Male,Health and beauty,187.65,2,0.0747,403.33,13/05/2022,16:18:50,Credit card,226.03,43.96,177.3,9.2
751-000205,A,Mandalay,Normal,Female,Electronic accessories,404.8,1,0.0956,443.5,14/05/2022,16:05:28,Credit card,230.71,47.98,212.79,6.8
751-000206,C,Mandalay,Normal,Male,Electronic accessories,170.81,2,0.0964,374.55,15/05/2022,10:15:29,E wallet,175.48,53.15,199.07,4.1
751-000207,A,Mandalay,Normal,Male,Home and lifestyle,112.44,7,0.0583,832.97,15/05/2022,07:10:06,Credit card,492.2,40.91,340.77,5.4
751-000208,A,Yangon,Normal,Female,Book and media,51.5,1,0.0501,54.08,17/05/2022,21:24:18,E wallet,19.94,63.12,34.14,6.9
751-000209,A,Naypyidaw,Member,Male,Health and beauty,238.68,6,0.0992,1574.14,18/05/2022,09:40:35,Credit card,650.91,58.65,923.23,6.5
751-000210,B,Yangon,Normal,Male,Home and lifestyle,246.24,7,0.0953,1887.95,19/05/2022,22:46:12,E wallet,792.18,58.04,1095.77,9.2
751-000211,B,Mandalay,Normal,Female,Health and beauty,422.05,9,0.0528,3999.01,19/05/2022,01:01:15,E wallet,1744.37,56.38,2254.64,7.3
751-000212,C,Mandalay,Member,Male,Home and lifestyle,118.41,8,0.0917,1034.15,20/05/2022,08:27:12,Cash,437.34,57.71,596.81,8.1
751-000213,A,Mandalay,Member,Female,Electronic accessories,196.69,6,0.0729,1266.17,23/05/2022,02:40:12,Cash,404.67,68.04,861.5,6.8
751-000214,A,Yangon,Normal,Male,Sports and outdoors,406.12,3,0.0629,1294.99,23/05/2022,20:31:53,Cash,773.63,40.26,521.36,6.6
751-000215,C,Yangon,Member,Male,Clothing and accessories,413.58,8,0.0939,3619.32,24/05/2022,01:07:58,Cash,2119.84,41.43,1499.48,6.7
751-000216,A,Mandalay,Normal,Female,Home and lifestyle,198.46,7,0.0598,1472.3,24/05/2022,08:47:01,E wallet,798.87,45.74,673.43,6.5
751-000217,A,Yangon,Normal,Female,Health and beauty,234.97,3,0.0974,773.57,24/05/2022,05:31:53,Credit card,425.31,45.02,348.26,7.2
751-000218,B,Yangon,Member,Male,Health and beauty,158.61,9,0.0603,1513.57,24/05/2022,07:57:27,E wallet,825.8,45.44,687.77,5.5
751-000219,C,Mandalay,Member,Female,Clothing and accessories,466.95,2,0.0807,1009.27,25/05/2022,04:40:00,Cash,402.09,60.16,607.18,9.3
751-000220,C,Yangon,Normal,Female,Book and media,68.14,3,0.0612,216.93,25/05/2022,08:09:54,Cash,100.27,53.78,116.66,6.0
751-000221,C,Naypyidaw,Normal,Male,Electronic accessories,467.54,2,0.0773,1007.36,25/05/2022,03:34:09,Credit card,304.73,69.75,702.63,4.9
751-000222,C,Naypyidaw,Normal,Male,Health and beauty,345.09,1,0.0842,374.15,26/05/2022,14:10:13,Cash,199.01,46.81,175.14,4.6
751-000223,B,Naypyidaw,Member,Male,Food and beverages,270.47,4,0.0595,1146.25,26/05/2022,05:11:44,E wallet,580.92,49.32,565.33,4.1
751-000224,B,Naypyidaw,Normal,Female,Sports and outdoors,26.0,5,0.076,139.88,27/05/2022,16:15:34,E wallet,42.62,69.53,97.26,6.5
751-000225,A,Mandalay,Normal,Female,Home and lifestyle,243.04,6,0.0735,1565.42,28/05/2022,01:10:40,E wallet,548.68,64.95,1016.74,5.1
751-000226,A,Mandalay,Normal,Female,Book and media,209.8,5,0.0536,1105.23,29/05/2022,02:28:17,E wallet,507.41,54.09,597.82,4.1
751-000227,A,Mandalay,Normal,Female,Clothing and accessories,89.0,1,0.0909,97.09,30/05/2022,19:46:13,E wallet,42.1,56.64,54.99,7.1
751-000228,A,Naypyidaw,Normal,Male,Sports and outdoors,331.64,3,0.0668,1061.38,31/05/2022,01:48:53,Credit card,368.3,65.3,693.08,8.1
751-000229,B,Naypyidaw,Member,Female,Electronic accessories,485.86,1,0.0787,524.1,31/05/2022,07:41:57,E wallet,238.83,54.43,285.27,4.5
751-000230,C,Yangon,Normal,Male,Book and media,285.47,5,0.0757,1535.4,01/06/2022,17:29:24,Cash,826.35,46.18,709.05,6.8
751-000231,B,Yangon,Normal,Female,Home and lifestyle,360.23,5,0.0757,1937.5,02/06/2022,18:07:27,Cash,681.03,64.85,1256.47,8.5
751-000232,A,Naypyidaw,Normal,Male,Home and lifestyle,43.54,6,0.0554,275.71,03/06/2022,07:30:02,Cash,120.95,56.13,154.76,9.9
751-000233,B,Naypyidaw,Normal,Male,Clothing and accessories,214.66,8,0.0712,1839.55,03/06/2022,02:43:21,Cash,1019.29,44.59,820.26,8.0
751-000234,C,Naypyidaw,Member,Male,Food and beverages,67.02,1,0.0726,71.89,04/06/2022,16:35:16,Credit card,32.23,55.17,39.66,5.5
751-000235,C,Naypyidaw,Member,Female,Clothing and accessories,310.27,4,0.0867,1348.68,06/06/2022,13:50:08,Cash,641.97,52.4,706.71,8.3
751-000236,B,Yangon,Member,Male,Electronic accessories,469.86,1,0.092,513.09,07/06/2022,20:11:36,Credit card,172.86,66.31,340.23,7.6
751-000237,B,Naypyidaw,Normal,Male,Book and media,334.27,9,0.0772,3240.68,09/06/2022,10:19:34,Cash,1821.91,43.78,1418.77,5.3
751-000238,B,Yangon,Normal,Female,Book and media,47.63,7,0.0543,351.51,09/06/2022,20:46:45,Credit card,118.6,66.26,232.91,9.1
751-000239,A,Naypyidaw,Member,Male,Health and beauty,183.79,7,0.0618,1366.04,09/06/2022,10:51:07,Credit card,609.66,55.37,756.38,6.6
751-000240,B,Naypyidaw,Member,Female,Food and beverages,279.83,5,0.0582,1480.58,10/06/2022,03:26:43,Credit card,708.75,52.13,771.83,9.8
751-000241,B,Naypyidaw,Member,Female,Food and beverages,207.57,7,0.0562,1534.65,10/06/2022,07:37:46,Cash,846.21,44.86,688.44,8.3
751-000242,B,Yangon,Normal,Male,Book and media,418.49,2,0.0683,894.15,10/06/2022,11:47:47,Credit card,348.54,61.02,545.61,
751-000243,C,Yangon,Normal,Male,Book and media,409.19,4,0.0615,1737.42,11/06/2022,20:51:19,E wallet,559.45,67.8,1177.97,8.4
751-000244,C,Mandalay,Member,Female,Sports and outdoors,309.8,7,0.0609,2300.67,12/06/2022,03:10:12,E wallet,1121.35,51.26,1179.32,6.9
751-000245,A,Naypyidaw,Member,Male,Sports and outdoors,192.99,3,0.0527,609.48,12/06/2022,08:03:11,Cash,321.5,47.25,287.98,7.0
751-000246,A,Mandalay,Member,Female,Sports and outdoors,135.11,2,0.0509,283.97,14/06/2022,08:12:47,E wallet,123.1,56.65,160.87,9.1
751-000247,C,Mandalay,Normal,Female,Food and beverages,61.88,2,0.0551,130.58,15/06/2022,05:41:12,E wallet,47.15,63.89,83.43,8.1
751-000248,C,Yangon,Normal,Female,Health and beauty,183.9,1,0.0586,194.68,16/06/2022,06:27:57,E wallet,116.59,40.11,78.09,9.4
751-000249,C,Yangon,Normal,Male,Home and lifestyle,212.45,5,0.0715,1138.2,16/06/2022,18:23:18,Cash,467.34,58.94,670.86,9.3
751-000250,B,Mandalay,Member,Female,Sports and outdoors,341.15,6,0.0755,2201.44,17/06/2022,16:12:12,Cash,926.81,57.9,1274.63,9.9
751-000251,B,Naypyidaw,Member,Male,Health and beauty,332.5,6,0.057,2108.71,17/06/2022,20:01:09,E wallet,1064.06,49.54,1044.65,8.2
751-000252,C,Yangon,Normal,Male,Clothing and accessories,44.35,9,0.0712,427.57,17/06/2022,21:12:57,Cash,198.65,53.54,228.92,7.0
751-000253,B,Naypyidaw,Member,Male,Electronic accessories,203.68,4,0.0671,869.39,19/06/2022,08:32:13,Credit card,457.21,47.41,412.18,5.0
751-000254,B,Naypyidaw,Normal,Male,Sports and outdoors,99.07,1,0.0592,104.93,20/06/2022,15:19:14,E wallet,38.09,63.7,66.84,8.2
751-000255,A,Mandalay,Member,Female,Clothing and accessories,86.84,6,0.0503,547.25,21/06/2022,00:16:23,Cash,224.15,59.04,323.1,5.7
751-000256,C,Mandalay,Member,Male,Home and lifestyle,415.38,5,0.0734,2229.34,21/06/2022,12:58:46,Cash,981.36,55.98,1247.98,5.7
751-000257,C,Mandalay,Member,Female,Electronic accessories,30.54,6,0.0843,198.69,22/06/2022,15:15:01,E wallet,95.81,51.78,102.88,5.4
751-000258,B,Mandalay,Member,Female,Electronic accessories,215.4,3,0.0613,685.81,22/06/2022,16:31:42,Cash,351.55,48.74,334.26,9.3
751-000259,C,Yangon,Normal,Male,Home and lifestyle,92.42,2,0.0566,195.3,22/06/2022,07:51:02,E wallet,68.98,64.68,126.32,9.2
751-000260,A,Yangon,Member,Female,Sports and outdoors,440.87,6,0.0944,2894.93,23/06/2022,11:19:15,Cash,1344.98,53.54,1549.95,7.8
751-000261,A,Mandalay,Normal,Female,Food and beverages,282.95,1,0.0638,301.0,25/06/2022,13:15:58,Credit card,135.33,55.04,165.67,6.8
751-000262,A,Yangon,Normal,Male,Home and lifestyle,123.38,7,0.0612,916.52,26/06/2022,20:48:42,E wallet,406.75,55.62,509.77,
751-000263,C,Mandalay,Normal,Female,Home and lifestyle,256.19,7,0.0929,1959.93,26/06/2022,16:50:53,Credit card,912.35,53.45,1047.58,7.6
751-000264,C,Naypyidaw,Member,Female,Home and lifestyle,368.43,7,0.0909,2813.44,27/06/2022,00:29:58,E wallet,1471.99,47.68,1341.45,6.5
751-000265,C,Naypyidaw,Normal,Female,Electronic accessories,479.48,1,0.0724,514.19,29/06/2022,11:14:17,Cash,289.95,43.61,224.24,6.3
751-000266,C,Naypyidaw,Normal,Female,Health and beauty,118.02,4,0.0745,507.25,30/06/2022,22:13:29,Credit card,289.34,42.96,217.91,6.3
751-000267,C,Mandalay,Normal,Male,Clothing and accessories,444.23,7,0.0609,3298.99,01/07/2022,00:44:14,Cash,1229.86,62.72,2069.13,7.5
751-000268,A,Naypyidaw,Member,Female,Food and beverages,467.81,9,0.0539,4437.22,02/07/2022,06:14:51,E wallet,2364.59,46.71,2072.63,7.9
751-000269,B,Yangon,Member,Female,Sports and outdoors,459.05,5,0.0787,2475.89,03/07/2022,09:45:37,E wallet,1444.19,41.67,1031.7,6.7
751-000270,A,Naypyidaw,Normal,Female,Sports and outdoors,321.35,2,0.0549,677.98,03/07/2022,13:55:56,E wallet,244.55,63.93,433.43,9.8
751-000271,C,Naypyidaw,Member,Female,Clothing and accessories,318.61,7,0.0725,2391.96,05/07/2022,21:43:10,E wallet,1324.67,44.62,1067.29,4.5
751-000272,A,Naypyidaw,Normal,Male,Health and beauty,207.57,1,0.097,227.7,06/07/2022,19:53:23,E wallet,93.93,58.75,133.77,6.1
751-000273,C,Yangon,Normal,Female,Home and lifestyle,378.67,7,0.0976,2909.4,07/07/2022,18:01:21,Credit card,1450.04,50.16,1459.36,6.5
751-000274,C,Mandalay,Member,Male,Food and beverages,270.33,6,0.062,1722.54,08/07/2022,19:32:07,E wallet,968.24,43.79,754.3,4.1
751-000275,A,Yangon,Normal,Female,Sports and outdoors,341.94,7,0.0812,2587.94,09/07/2022,13:08:33,Cash,1231.08,52.43,1356.86,6.2
751-000276,C,Mandalay,Member,Male,Clothing and accessories,219.94,3,0.0737,708.45,09/07/2022,22:04:54,Credit card,421.95,40.44,286.5,5.6
751-000277,B,Mandalay,Member,Male,Book and media,368.43,3,0.0938,1208.97,09/07/2022,07:15:53,Cash,420.36,65.23,788.61,7.0
751-000278,C,Naypyidaw,Normal,Male,Clothing and accessories,413.99,7,0.0636,3082.24,09/07/2022,15:44:51,E wallet,1374.68,55.4,1707.56,6.0
751-000279,B,Mandalay,Member,Male,Sports and outdoors,81.75,2,0.0502,171.71,09/07/2022,14:00:21,Cash,95.87,44.17,75.84,8.4
751-000280,B,Yangon,Member,Male,Home and lifestyle,418.14,1,0.0581,442.43,10/07/2022,02:37:53,Credit card,234.0,47.11,208.43,7.1
751-000281,C,Yangon,Normal,Female,Book and media,274.75,9,0.0675,2639.66,10/07/2022,13:35:17,Credit card,1229.03,53.44,1410.63,4.8
751-000282,A,Mandalay,Normal,Female,Health and beauty,423.89,9,0.0658,4066.04,11/07/2022,14:40:17,Credit card,2209.08,45.67,1856.96,8.5
751-000283,B,Naypyidaw,Member,Female,Food and beverages,221.34,7,0.0896,1688.2,11/07/2022,02:09:48,Cash,876.85,48.06,811.35,4.6
751-000284,A,Naypyidaw,Member,Male,Health and beauty,195.73,7,0.084,1485.2,11/07/2022,06:46:00,Credit card,653.04,56.03,832.16,9.0
751-000285,B,Yangon,Normal,Female,Health and beauty,458.38,3,0.065,1464.52,11/07/2022,10:48:04,Cash,512.87,64.98,951.65,9.6
751-000286,C,Naypyidaw,Member,Male,Clothing and accessories,133.07,2,0.0729,285.54,13/07/2022,06:18:56,E wallet,136.89,52.06,148.65,5.9
751-000287,C,Mandalay,Member,Male,Food and beverages,423.66,7,0.0548,3128.14,13/07/2022,14:34:46,E wallet,1204.02,61.51,1924.12,9.6
751-000288,B,Mandalay,Member,Female,Food and beverages,247.17,9,0.0949,2435.64,14/07/2022,04:54:11,Cash,820.81,66.3,1614.83,8.8
751-000289,C,Yangon,Member,Female,Sports and outdoors,261.91,1,0.0968,287.26,14/07/2022,19:36:02,Credit card,153.71,46.49,133.55,9.5
751-000290,B,Mandalay,Member,Male,Sports and outdoors,161.15,4,0.099,708.42,14/07/2022,08:57:40,Cash,253.47,64.22,454.95,8.0
751-000291,C,Yangon,Member,Male,Food and beverages,290.79,6,0.0934,1907.7,15/07/2022,06:25:01,Cash,711.19,62.72,1196.51,5.4
751-000292,A,Mandalay,Member,Female,Book and media,169.35,7,0.0587,1255.04,15/07/2022,22:22:58,Cash,618.61,50.71,636.43,9.4
751-000293,C,Yangon,Normal,Female,Electronic accessories,29.24,7,0.0523,215.38,17/07/2022,20:15:08,E wallet,65.28,69.69,150.1,5.1
751-000294,A,Naypyidaw,Normal,Female,Sports and outdoors,143.28,2,0.079,309.2,20/07/2022,12:27:26,Cash,161.16,47.88,148.04,5.3
751-000295,C,Mandalay,,Female,Electronic accessories,13.13,4,0.0956,57.54,20/07/2022,18:51:16,E wallet,30.13,47.64,27.41,5.6
751-000296,A,Mandalay,Normal,Male,Clothing and accessories,489.39,5,0.0589,2591.08,20/07/2022,05:35:00,Cash,954.29,63.17,1636.79,5.8
751-000297,C,Yangon,Normal,Female,Book and media,483.22,1,0.0504,507.57,21/07/2022,17:50:08,E wallet,238.35,53.04,269.22,7.1
751-000298,A,Yangon,Member,Female,Food and beverages,203.63,1,0.0903,222.02,22/07/2022,12:39:54,Cash,111.19,49.92,110.83,8.3
751-000299,B,Mandalay,Member,Female,Book and media,366.9,3,0.0538,1159.92,22/07/2022,12:14:42,Cash,633.78,45.36,526.14,9.6
751-000300,B,Yangon,Member,Male,Sports and outdoors,179.44,3,0.0707,576.38,23/07/2022,11:45:03,Credit card,213.49,62.96,362.89,4.5
751-000301,A,Mandalay,Member,Male,Health and beauty,338.84,8,0.0839,2938.15,24/07/2022,00:23:35,Credit card,1069.78,63.59,1868.37,9.7
751-000302,C,Naypyidaw,Normal,Male,Clothing and accessories,404.66,9,0.0618,3867.01,25/07/2022,18:40:09,Cash,1662.81,57.0,2204.2,9.5
751-000303,A,Yangon,Member,Male,Food and beverages,473.91,1,0.0542,499.6,26/07/2022,03:19:40,Cash,156.27,68.72,343.33,4.3
751-000304,C,Mandalay,Member,Female,Home and lifestyle,206.1,2,0.0885,448.68,26/07/2022,12:43:10,Cash,226.4,49.54,222.28,6.2
751-000305,B,Naypyidaw,Normal,Male,Clothing and accessories,393.82,2,0.0815,851.83,27/07/2022,11:17:29,Cash,454.96,46.59,396.87,8.9
751-000306,C,Naypyidaw,Member,Female,Electronic accessories,140.3,4,0.0994,616.98,31/07/2022,11:47:36,Credit card,244.82,60.32,372.16,7.7
751-000307,B,Mandalay,Member,Female,Book and media,495.26,2,0.0672,1057.08,01/08/2022,19:24:11,E wallet,393.76,62.75,663.32,8.7
751-000308,C,Yangon,Normal,Female,Food and beverages,22.63,7,0.0531,166.82,02/08/2022,20:24:10,Cash,88.83,46.75,77.99,8.3
751-000309,C,Mandalay,Member,Female,Clothing and accessories,305.73,9,0.0867,2990.13,03/08/2022,08:49:24,Credit card,1725.31,42.3,1264.82,7.0
751-000310,C,Naypyidaw,Member,Male,Book and media,333.16,7,0.0761,2509.59,03/08/2022,02:51:31,Cash,895.42,64.32,1614.17,4.2
751-000311,A,Mandalay,Member,Male,Food and beverages,347.14,6,0.0607,2209.27,04/08/2022,16:13:00,Cash,678.25,69.3,1531.02,7.5
751-000312,A,Yangon,Member,Male,Sports and outdoors,68.99,1,0.0891,75.14,05/08/2022,16:24:58,E wallet,30.55,59.34,44.59,4.3
751-000313,B,Naypyidaw,Member,Female,Clothing and accessories,469.88,9,0.0602,4483.5,05/08/2022,07:04:04,Cash,2316.18,48.34,2167.32,7.6
751-000314,B,Mandalay,Normal,Female,Sports and outdoors,98.78,5,0.063,525.02,05/08/2022,08:34:18,Cash,158.03,69.9,366.99,8.8
751-000315,A,Yangon,Normal,Female,Clothing and accessories,315.15,5,0.0546,1661.79,05/08/2022,22:08:53,E wallet,551.71,66.8,1110.08,7.5
751-000316,B,Naypyidaw,Normal,Female,Sports and outdoors,119.11,6,0.07,764.69,06/08/2022,17:15:32,E wallet,341.05,55.4,423.64,10.0
751-000317,A,Yangon,Normal,Female,Book and media,160.54,9,0.0709,1547.3,06/08/2022,01:13:45,E wallet,545.27,64.76,1002.03,6.7
751-000318,C,Naypyidaw,Normal,Male,Home and lifestyle,277.76,8,0.0757,2390.29,08/08/2022,00:25:57,E wallet,849.27,64.47,1541.02,
751-000319,B,Mandalay,Normal,Female,Clothing and accessories,214.42,8,0.0854,1861.85,08/08/2022,15:14:25,Credit card,595.05,68.04,1266.8,8.0
751-000320,B,Yangon,Member,Male,Clothing and accessories,88.51,8,0.0953,775.56,08/08/2022,14:43:15,Credit card,269.66,65.23,505.9,9.9
751-000321,A,Naypyidaw,Normal,Female,Sports and outdoors,93.76,1,0.0569,99.09,08/08/2022,13:28:23,Credit card,40.32,59.31,58.77,8.3
751-000322,B,Yangon,Normal,Female,Food and beverages,214.89,1,0.0527,226.21,11/08/2022,14:54:14,Cash,94.37,58.28,131.84,5.0
751-000323,B,Yangon,Member,Male,Clothing and accessories,381.07,8,0.0509,3203.73,11/08/2022,18:07:33,E wallet,1473.08,54.02,1730.65,9.7
751-000324,C,Mandalay,Member,Male,Sports and outdoors,450.0,5,0.0572,2378.7,11/08/2022,01:26:09,E wallet,980.26,58.79,1398.44,8.0
751-000325,B,Yangon,Normal,Female,Health and beauty,51.22,9,0.0829,499.2,12/08/2022,02:22:48,Credit card,180.41,63.86,318.79,4.4
751-000326,C,Naypyidaw,Member,Female,Sports and outdoors,202.62,2,0.0864,440.25,13/08/2022,07:27:22,Cash,136.17,69.07,304.08,7.9
751-000327,A,Naypyidaw,Normal,Female,Book and media,59.12,9,0.0893,579.59,13/08/2022,03:13:52,Cash,266.5,54.02,313.09,9.3
751-000328,B,Naypyidaw,Member,Female,Home and lifestyle,18.13,8,0.0622,154.06,13/08/2022,09:28:00,Cash,65.92,57.21,88.14,7.5
751-000329,C,Naypyidaw,Normal,Male,Health and beauty,334.24,9,0.0653,3204.59,13/08/2022,03:31:32,Credit card,1495.26,53.34,1709.33,6.1
751-000330,A,Mandalay,Member,Female,Book and media,305.2,4,0.0742,1311.38,14/08/2022,16:25:16,Cash,523.9,60.05,787.48,8.9
751-000331,B,Yangon,Member,Male,Book and media,89.88,1,0.0532,94.66,15/08/2022,06:22:31,Cash,38.91,58.9,55.75,8.7
751-000332,A,Mandalay,Normal,Female,Book and media,124.57,1,0.0806,134.61,15/08/2022,19:14:12,Cash,80.04,40.54,54.57,7.3
751-000333,B,Yangon,Normal,Male,Food and beverages,21.62,5,0.0992,118.82,16/08/2022,01:18:23,E wallet,52.01,56.23,66.81,4.9
751-000334,A,Yangon,Normal,Male,Book and media,419.12,2,0.068,895.24,17/08/2022,12:23:10,Credit card,513.42,42.65,381.82,5.5
751-000335,A,Yangon,Normal,Female,Food and beverages,487.6,8,0.0876,4242.51,17/08/2022,21:14:09,E wallet,2511.99,40.79,1730.52,8.4
751-000336,C,Mandalay,Normal,Male,Book and media,76.38,5,0.075,410.54,17/08/2022,08:26:08,E wallet,148.86,63.74,261.68,8.8
751-000337,A,Yangon,Member,Female,Electronic accessories,123.42,5,0.0564,651.9,18/08/2022,19:27:00,Credit card,340.55,47.76,311.35,5.7
751-000338,B,Mandalay,Normal,Male,Health and beauty,435.52,2,0.0791,939.94,18/08/2022,16:30:43,E wallet,467.9,50.22,472.04,6.2
751-000339,B,Naypyidaw,Normal,Female,Electronic accessories,463.97,7,0.065,3458.9,19/08/2022,09:36:28,Cash,2008.93,41.92,1449.97,4.5
751-000340,C,Naypyidaw,Member,Male,Book and media,215.62,8,0.0517,1814.14,19/08/2022,17:46:37,Cash,990.7,45.39,823.44,8.3
751-000341,B,Yangon,Member,Female,Health and beauty,34.81,1,0.0817,37.65,19/08/2022,06:48:05,Cash,13.94,62.97,23.71,4.0
751-000342,B,Mandalay,Normal,Female,Health and beauty,29.3,2,0.0929,64.04,19/08/2022,07:11:52,Cash,28.94,54.81,35.1,4.3
751-000343,B,Naypyidaw,Member,Male,Clothing and accessories,291.24,4,0.0672,1243.25,21/08/2022,13:43:54,Credit card,417.48,66.42,825.77,4.0
751-000344,A,Mandalay,Member,Male,Home and lifestyle,202.52,5,0.0695,1082.98,21/08/2022,09:53:19,E wallet,520.7,51.92,562.28,7.9
751-000345,A,Mandalay,Normal,Male,Electronic accessories,24.04,2,0.0946,52.63,21/08/2022,14:30:06,E wallet,27.34,48.06,25.29,
751-000346,B,Yangon,Member,Male,Home and lifestyle,295.79,1,0.0907,322.62,21/08/2022,08:09:09,Cash,159.92,50.43,162.7,5.8
751-000347,C,Naypyidaw,Member,Female,Health and beauty,15.54,9,0.0857,151.85,21/08/2022,15:38:27,Cash,58.64,61.38,93.21,9.5
751-000348,A,Yangon,Normal,Male,Food and beverages,395.81,1,0.0624,420.51,21/08/2022,04:54:02,E wallet,182.29,56.65,238.22,5.2
751-000349,C,Yangon,Normal,Female,Health and beauty,160.15,4,0.0955,701.78,22/08/2022,17:42:14,Credit card,230.68,67.13,471.1,6.3
751-000350,B,Naypyidaw,Member,Male,Home and lifestyle,29.73,2,0.0577,62.89,23/08/2022,20:51:36,E wallet,26.37,58.07,36.52,9.6
751-000351,B,Naypyidaw,Member,Female,Electronic accessories,298.29,4,0.0813,1290.16,24/08/2022,11:03:46,Cash,583.28,54.79,706.88,6.6
751-000352,A,Mandalay,Normal,Female,Book and media,204.87,8,0.0514,1723.2,25/08/2022,08:38:41,Cash,627.76,63.57,1095.44,7.3
751-000353,B,Naypyidaw,Member,Female,Clothing and accessories,487.16,8,0.0822,4217.64,27/08/2022,22:44:39,Credit card,1331.51,68.43,2886.13,4.5
751-000354,A,Mandalay,Member,Female,Clothing and accessories,276.66,9,0.0639,2649.05,27/08/2022,11:21:23,E wallet,1306.51,50.68,1342.54,8.7
751-000355,B,Mandalay,Member,Male,Clothing and accessories,144.87,5,0.0725,776.87,29/08/2022,18:57:25,Credit card,407.86,47.5,369.01,6.5
751-000356,B,Mandalay,Normal,Male,Book and media,357.63,7,0.0673,2671.89,30/08/2022,00:15:21,Credit card,1109.1,58.49,1562.79,8.8
751-000357,A,Naypyidaw,Member,Female,Clothing and accessories,143.03,3,0.0586,454.23,30/08/2022,16:56:49,Cash,204.54,54.97,249.69,5.5
751-000358,A,Yangon,Member,Male,Electronic accessories,453.08,4,0.0811,1959.3,31/08/2022,10:17:06,E wallet,594.06,69.68,1365.24,6.5
751-000359,A,Mandalay,Normal,Male,Book and media,193.61,9,0.0941,1906.46,31/08/2022,17:25:07,Cash,879.45,53.87,1027.01,8.7
751-000360,B,Yangon,Member,Female,Clothing and accessories,279.44,1,0.098,306.83,01/09/2022,05:29:38,E wallet,177.26,42.23,129.57,9.8
751-000361,B,Yangon,Member,Male,Book and media,34.78,2,0.0596,73.71,03/09/2022,22:31:21,Cash,22.61,69.32,51.1,4.4
751-000362,C,Naypyidaw,Normal,Male,Home and lifestyle,218.8,5,0.0859,1187.97,04/09/2022,09:42:56,Cash,412.11,65.31,775.86,8.9
751-000363,A,Yangon,Normal,Male,Electronic accessories,417.86,3,0.0832,1357.88,04/09/2022,12:08:30,E wallet,742.08,45.35,615.8,5.8
751-000364,B,Yangon,Normal,Female,Sports and outdoors,404.77,2,0.0672,863.94,06/09/2022,06:08:12,E wallet,283.89,67.14,580.05,7.3
751-000365,B,Naypyidaw,Normal,Male,Food and beverages,119.92,1,0.051,126.04,06/09/2022,02:34:32,Cash,62.74,50.22,63.3,5.7
751-000366,A,Mandalay,Member,Female,Clothing and accessories,120.78,3,0.0845,392.96,07/09/2022,20:30:51,E wallet,191.33,51.31,201.63,7.7
751-000367,C,Yangon,Member,Male,Food and beverages,410.48,1,0.0973,450.42,08/09/2022,01:31:56,Cash,147.78,67.19,302.64,6.1
751-000368,A,Naypyidaw,Normal,Male,Book and media,465.9,1,0.0816,503.92,09/09/2022,02:14:55,E wallet,222.23,55.9,281.69,
751-000369,C,Yangon,Normal,Male,Food and beverages,56.73,1,0.0718,60.8,09/09/2022,05:44:20,Cash,33.97,44.13,26.83,4.2
751-000370,B,Yangon,Member,Female,Electronic accessories,230.53,8,0.0763,1984.96,10/09/2022,00:31:51,Cash,971.24,51.07,1013.72,4.9
751-000371,C,Mandalay,Normal,Female,Electronic accessories,175.35,3,0.06,557.61,10/09/2022,18:32:27,Cash,213.79,61.66,343.82,9.5
751-000372,B,Yangon,Member,Male,Health and beauty,436.64,1,0.0875,474.85,10/09/2022,20:53:33,Credit card,260.08,45.23,214.77,10.0
751-000373,A,Naypyidaw,Normal,Female,Clothing and accessories,50.93,7,0.0873,387.63,10/09/2022,14:13:18,E wallet,163.93,57.71,223.7,8.7
751-000374,A,Yangon,Member,Male,Health and beauty,113.45,3,0.0573,359.85,10/09/2022,10:14:05,Cash,140.85,60.86,219.0,5.7
751-000375,A,Mandalay,Normal,Female,Food and beverages,378.71,8,0.0939,3314.17,10/09/2022,19:08:36,Credit card,1646.48,50.32,1667.69,6.4
751-000376,C,Mandalay,Normal,Female,Sports and outdoors,35.13,4,0.0635,149.44,11/09/2022,19:33:37,Cash,58.55,60.82,90.89,8.4
751-000377,B,Naypyidaw,Member,Male,Health and beauty,251.34,4,0.0991,1104.99,11/09/2022,17:27:54,Credit card,369.84,66.53,735.15,9.8
751-000378,A,Mandalay,Normal,Male,Health and beauty,226.63,5,0.0691,1211.45,11/09/2022,18:08:31,Cash,555.33,54.16,656.12,6.7
751-000379,A,Yangon,Member,Male,Electronic accessories,173.86,6,0.0589,1104.6,13/09/2022,20:55:58,Cash,535.84,51.49,568.76,9.0
751-000380,B,Mandalay,Member,Male,Sports and outdoors,203.34,7,0.0676,1519.6,13/09/2022,05:13:27,Credit card,797.33,47.53,722.27,9.9
751-000381,A,Naypyidaw,Member,Female,Book and media,269.67,4,0.072,1156.34,14/09/2022,12:42:11,Credit card,484.16,58.13,672.18,9.2
751-000382,B,Mandalay,Member,Female,Food and beverages,89.07,8,0.0535,750.68,15/09/2022,18:18:20,E wallet,252.23,66.4,498.45,5.4
751-000383,B,Mandalay,Member,Female,Health and beauty,290.28,6,0.0789,1879.1,16/09/2022,18:23:25,E wallet,944.44,49.74,934.66,4.0
751-000384,B,Mandalay,Normal,Male,Sports and outdoors,404.66,1,0.0799,436.99,16/09/2022,12:27:45,Credit card,210.24,51.89,226.75,7.0
751-000385,B,Naypyidaw,Normal,Male,Clothing and accessories,382.48,1,0.0869,415.72,16/09/2022,17:43:35,E wallet,198.71,52.2,217.01,7.2
751-000386,B,Mandalay,Member,Female,Sports and outdoors,85.41,9,0.0515,808.28,18/09/2022,09:28:16,Credit card,349.02,56.82,459.26,5.2
751-000387,C,Mandalay,Normal,Male,Food and beverages,83.13,6,0.0771,537.24,20/09/2022,03:43:44,E wallet,285.54,46.85,251.7,5.7
751-000388,A,Yangon,Member,Female,Sports and outdoors,141.41,8,0.0526,1190.79,21/09/2022,03:09:24,Cash,420.71,64.67,770.08,8.6
751-000389,C,Naypyidaw,Normal,Female,Sports and outdoors,186.93,7,0.0851,1419.86,22/09/2022,02:46:01,E wallet,725.97,48.87,693.89,6.8
751-000390,A,Mandalay,Normal,Female,Sports and outdoors,210.14,6,0.0528,1327.41,25/09/2022,16:05:25,Cash,515.57,61.16,811.84,5.9
751-000391,C,Naypyidaw,Normal,Female,Clothing and accessories,343.05,4,0.0956,1503.38,25/09/2022,07:34:26,Cash,670.51,55.4,832.87,7.7
751-000392,B,Mandalay,Normal,Female,Health and beauty,37.77,7,0.0851,286.89,25/09/2022,17:53:00,E wallet,121.7,57.58,165.19,7.9
751-000393,A,Mandalay,Member,Male,Food and beverages,26.99,9,0.0754,261.23,26/09/2022,15:38:02,Credit card,142.66,45.39,118.57,8.6
751-000394,A,Mandalay,Member,Male,Clothing and accessories,202.04,7,0.0721,1516.25,27/09/2022,22:03:40,Cash,575.42,62.05,940.83,4.9
751-000395,C,Yangon,Normal,Male,Sports and outdoors,351.61,1,0.0565,371.48,28/09/2022,04:50:14,Cash,201.86,45.66,169.62,8.4
751-000396,C,Yangon,Normal,Female,Sports and outdoors,104.78,9,0.0645,1003.84,28/09/2022,07:37:49,E wallet,568.17,43.4,435.67,7.6
751-000397,A,Yangon,Member,Female,Health and beauty,324.34,4,0.0934,1418.53,29/09/2022,18:55:46,Credit card,618.48,56.4,800.05,4.3
751-000398,C,Naypyidaw,Normal,Female,Food and beverages,137.32,3,0.0952,451.18,30/09/2022,06:09:37,Credit card,174.7,61.28,276.48,8.7
751-000399,C,Naypyidaw,Member,Female,Electronic accessories,444.18,4,0.05,1865.56,30/09/2022,13:48:40,E wallet,1091.35,41.5,774.21,6.3
751-000400,C,Yangon,Member,Male,Clothing and accessories,448.89,4,0.0797,1938.67,01/10/2022,18:29:04,Credit card,1122.88,42.08,815.79,6.0
751-000401,B,Naypyidaw,Member,Male,Health and beauty,155.67,2,0.086,338.12,01/10/2022,22:30:06,E wallet,121.45,64.08,216.67,6.7
751-000402,B,Mandalay,Normal,Female,Food and beverages,122.7,1,0.0809,132.63,04/10/2022,18:30:51,E wallet,47.39,64.27,85.24,6.1
751-000403,C,Mandalay,Member,Female,Clothing and accessories,211.54,1,0.0541,222.98,04/10/2022,06:23:33,E wallet,117.38,47.36,105.6,6.0
751-000404,C,Mandalay,Normal,Female,Sports and outdoors,127.86,8,0.0609,1085.17,04/10/2022,22:47:44,Cash,450.78,58.46,634.39,8.8
751-000405,B,Yangon,Member,Male,Food and beverages,339.47,2,0.0625,721.37,04/10/2022,07:05:37,Cash,336.88,53.3,384.49,4.7
751-000406,B,Naypyidaw,Normal,Male,Food and beverages,414.77,5,0.0916,2263.81,04/10/2022,08:35:26,Cash,928.61,58.98,1335.2,9.8
751-000407,A,Yangon,Normal,Male,Book and media,339.82,4,0.0732,1458.78,06/10/2022,10:04:56,E wallet,497.59,65.89,961.19,7.3
751-000408,A,Naypyidaw,Normal,Female,Food and beverages,413.93,8,0.0743,3557.48,07/10/2022,16:51:06,Cash,2049.11,42.4,1508.37,5.1
751-000409,B,Mandalay,Member,Female,Electronic accessories,204.53,2,0.0967,448.62,07/10/2022,14:56:14,Cash,164.46,63.34,284.16,4.8
751-000410,C,Yangon,Member,Male,Food and beverages,86.6,9,0.0819,843.23,08/10/2022,13:12:10,Cash,381.22,54.79,462.01,7.5
751-000411,C,Naypyidaw,Normal,Female,Electronic accessories,371.6,7,0.0949,2848.05,09/10/2022,12:25:21,E wallet,1226.94,56.92,1621.11,7.8
751-000412,C,Naypyidaw,Normal,Male,Sports and outdoors,186.63,7,0.0728,1401.52,09/10/2022,08:41:03,E wallet,565.93,59.62,835.59,4.3
751-000413,C,Mandalay,Normal,Female,Electronic accessories,338.92,1,0.0575,358.41,10/10/2022,16:45:55,E wallet,115.84,67.68,242.57,5.5
751-000414,A,Yangon,Member,Male,Clothing and accessories,142.62,2,0.0965,312.77,10/10/2022,17:42:15,Cash,182.34,41.7,130.43,8.8
751-000415,B,Yangon,Member,Female,Sports and outdoors,49.8,4,0.0729,213.72,11/10/2022,00:28:38,Credit card,126.35,40.88,87.37,4.3
751-000416,C,Yangon,Member,Male,Sports and outdoors,496.37,4,0.0591,2102.82,12/10/2022,09:08:58,Cash,1149.19,45.35,953.63,9.1
751-000417,A,Mandalay,Member,Male,Electronic accessories,86.54,3,0.0651,276.52,12/10/2022,02:53:54,Cash,84.09,69.59,192.43,7.9
751-000418,C,Yangon,Normal,Male,Health and beauty,494.33,7,0.0525,3641.98,15/10/2022,13:57:24,E wallet,1403.98,61.45,2238.0,6.6
751-000419,B,Mandalay,Normal,Male,Home and lifestyle,488.87,8,0.0734,4198.02,16/10/2022,14:01:23,E wallet,1744.7,58.44,2453.32,6.1
751-000420,A,Mandalay,Member,Male,Food and beverages,398.97,10,0.0927,8719.1,16/10/2022,13:47:06,Cash,510.85,41.41,361.06,4.1
751-000421,B,Mandalay,Member,Male,Book and media,333.12,4,0.0967,1461.33,16/10/2022,03:49:23,Cash,491.45,66.37,969.88,9.0
751-000422,B,Naypyidaw,Normal,Female,Home and lifestyle,293.13,3,0.0966,964.34,21/10/2022,04:37:29,Credit card,343.5,64.38,620.84,4.9
751-000423,A,Yangon,Member,Female,Food and beverages,434.39,2,0.0563,917.69,23/10/2022,06:14:25,Credit card,367.63,59.94,550.06,5.9
751-000424,A,Yangon,Member,Female,Food and beverages,151.83,6,0.0691,973.93,25/10/2022,00:55:03,E wallet,485.31,50.17,488.62,7.4
751-000425,A,Mandalay,Member,Male,Sports and outdoors,239.16,4,0.0514,1005.81,27/10/2022,00:42:49,Credit card,582.16,42.12,423.65,5.5
751-000426,A,Mandalay,Member,Male,Food and beverages,313.5,6,0.0928,2055.56,28/10/2022,13:21:10,Credit card,875.67,57.4,1179.89,7.0
751-000427,A,Yangon,Member,Female,Book and media,211.48,2,0.0679,451.68,29/10/2022,09:58:16,E wallet,173.49,61.59,278.19,8.9
751-000428,A,Mandalay,Member,Male,Food and beverages,219.47,4,0.0816,949.52,29/10/2022,03:55:46,Credit card,542.84,42.83,406.68,6.8
751-000429,A,Yangon,Normal,Male,Electronic accessories,171.84,6,0.0857,1119.4,30/10/2022,15:20:12,Cash,458.84,59.01,660.56,9.7
751-000430,C,Naypyidaw,Member,Male,Home and lifestyle,286.47,5,0.0715,1534.76,30/10/2022,08:10:10,Credit card,789.02,48.59,745.74,9.1
751-000431,B,Mandalay,Member,Male,Electronic accessories,426.78,3,0.0653,1363.95,31/10/2022,05:00:53,E wallet,505.62,62.93,858.33,6.0
751-000432,A,Yangon,Normal,Male,Book and media,108.75,8,0.0981,955.35,01/11/2022,05:12:21,Cash,418.54,56.19,536.81,6.4
751-000433,C,Mandalay,Normal,Female,Food and beverages,467.87,7,0.0982,3596.7,01/11/2022,21:36:46,Credit card,2018.83,43.87,1577.87,6.5
751-000434,C,Yangon,Normal,Female,Clothing and accessories,347.65,3,0.0645,1110.22,02/11/2022,17:51:13,Cash,490.72,55.8,619.5,7.8
751-000435,C,Yangon,Member,Female,Book and media,413.4,6,0.074,2663.95,02/11/2022,14:57:04,Cash,1282.16,51.87,1381.79,5.7
751-000436,B,Mandalay,Normal,Female,Sports and outdoors,282.53,4,0.0986,1241.55,04/11/2022,03:31:33,Credit card,677.76,45.41,563.79,9.8
751-000437,A,Naypyidaw,Member,Female,Electronic accessories,391.96,5,0.0502,2058.18,05/11/2022,06:41:47,Credit card,715.22,65.25,1342.96,7.7
751-000438,C,Yangon,Member,Male,Electronic accessories,17.94,5,0.0706,96.03,08/11/2022,09:49:16,E wallet,57.3,40.33,38.73,6.4
751-000439,B,Yangon,Member,Male,Health and beauty,411.01,7,0.055,3035.31,10/11/2022,20:12:00,E wallet,1537.08,49.36,1498.23,7.9
751-000440,B,Yangon,Normal,Male,Food and beverages,29.67,5,0.0755,159.55,10/11/2022,00:46:32,Cash,95.12,40.38,64.43,6.4
751-000441,B,Naypyidaw,Normal,Male,Sports and outdoors,446.06,3,0.0512,1406.69,11/11/2022,05:24:25,E wallet,803.5,42.88,603.19,8.9
751-000442,C,Naypyidaw,Normal,Female,Clothing and accessories,496.06,5,0.0703,2654.67,12/11/2022,12:58:27,Cash,1356.27,48.91,1298.4,7.4
751-000443,A,Mandalay,Normal,Female,Electronic accessories,154.09,7,0.061,1144.43,12/11/2022,00:36:40,Cash,668.0,41.63,476.43,4.3
751-000444,C,Naypyidaw,Normal,Female,Electronic accessories,113.06,5,0.0767,608.66,14/11/2022,16:47:07,E wallet,256.25,57.9,352.41,5.1
751-000445,C,Mandalay,Member,Male,Sports and outdoors,385.03,5,0.0998,2117.28,15/11/2022,16:46:55,E wallet,1215.11,42.61,902.17,9.2
751-000446,A,Mandalay,Member,Female,Book and media,133.98,9,0.09,1314.34,16/11/2022,00:11:04,E wallet,511.94,61.05,802.4,
751-000447,A,Naypyidaw,Member,Male,Book and media,434.13,3,0.0923,1422.6,16/11/2022,05:24:00,Credit card,831.08,41.58,591.52,9.7
751-000448,A,Mandalay,Member,Female,Food and beverages,60.39,6,0.0818,391.98,17/11/2022,00:31:41,Cash,228.21,41.78,163.77,4.4
751-000449,B,Naypyidaw,Normal,Female,Health and beauty,71.72,1,0.0521,75.46,17/11/2022,09:02:48,Cash,38.36,49.16,37.1,5.8
751-000450,A,Mandalay,Normal,Male,Electronic accessories,489.78,5,0.0603,2596.57,18/11/2022,18:42:28,Cash,859.46,66.9,1737.11,5.2
751-000451,C,Naypyidaw,Member,Male,Health and beauty,340.18,8,0.0963,2983.51,19/11/2022,17:01:08,E wallet,1216.08,59.24,1767.43,7.3
751-000452,A,Naypyidaw,Normal,Female,Book and media,424.97,5,0.0683,2269.98,19/11/2022,16:45:35,E wallet,837.62,63.1,1432.36,
751-000453,C,Mandalay,Normal,Female,Book and media,168.92,9,0.0552,1604.2,21/11/2022,16:48:11,E wallet,894.34,44.25,709.86,4.9
751-000454,B,Yangon,Member,Male,Home and lifestyle,341.48,6,0.0851,2223.24,22/11/2022,19:49:02,E wallet,777.69,65.02,1445.55,7.9
751-000455,C,Mandalay,Member,Female,Clothing and accessories,301.18,8,0.065,2566.05,22/11/2022,10:56:49,E wallet,1533.47,40.24,1032.58,7.2
751-000456,C,Naypyidaw,Normal,Female,Food and beverages,305.54,8,0.0634,2599.29,23/11/2022,03:16:49,Credit card,1393.48,46.39,1205.81,5.6
751-000457,A,Yangon,Normal,Male,Home and lifestyle,344.44,3,0.0999,1136.55,26/11/2022,04:45:41,E wallet,471.9,58.48,664.65,6.9
751-000458,A,Mandalay,Member,Female,Clothing and accessories,291.93,7,0.0929,2233.35,26/11/2022,14:32:15,Cash,1088.53,51.26,1144.82,8.5
751-000459,C,Mandalay,Member,Male,Home and lifestyle,220.24,7,0.0704,1650.21,27/11/2022,10:54:19,E wallet,502.82,69.53,1147.39,5.2
751-000460,A,Mandalay,Member,Female,Home and lifestyle,145.2,6,0.099,957.45,27/11/2022,05:23:53,Cash,565.76,40.91,391.69,5.8
751-000461,B,Yangon,Normal,Male,Food and beverages,386.6,7,0.0825,2929.46,01/12/2022,15:29:33,E wallet,880.01,69.96,2049.45,6.1
751-000462,B,Naypyidaw,Member,Female,Food and beverages,120.87,2,0.0871,262.8,01/12/2022,00:23:23,E wallet,108.51,58.71,154.29,8.5
751-000463,A,Mandalay,Member,Male,Sports and outdoors,349.25,9,0.0516,3305.44,02/12/2022,08:21:11,Cash,1429.27,56.76,1876.17,9.1
751-000464,B,Mandalay,Normal,Female,Health and beauty,124.33,1,0.0561,131.3,03/12/2022,16:24:27,Cash,76.43,41.79,54.87,6.3
751-000465,A,Mandalay,Normal,Male,Health and beauty,316.41,1,0.0817,342.26,04/12/2022,14:29:50,Cash,177.29,48.2,164.97,5.8
751-000466,C,Mandalay,Normal,Female,Sports and outdoors,376.07,3,0.095,1235.39,04/12/2022,21:09:57,Cash,398.54,67.74,836.85,9.3
751-000467,C,Mandalay,Normal,Female,Sports and outdoors,117.17,3,0.0812,380.05,04/12/2022,11:45:30,Credit card,187.63,50.63,192.42,10.0
751-000468,B,Naypyidaw,Normal,Female,Book and media,39.37,1,0.0567,41.6,05/12/2022,08:58:44,Cash,16.7,59.85,24.9,8.0
751-000469,A,Naypyidaw,Member,Female,Clothing and accessories,74.18,7,0.0558,548.23,06/12/2022,02:52:45,E wallet,164.58,69.98,383.65,9.9
751-000470,A,Mandalay,Member,Female,Home and lifestyle,306.94,4,0.0922,1340.96,06/12/2022,20:09:15,E wallet,698.77,47.89,642.19,8.0
751-000471,B,Yangon,Normal,Female,Sports and outdoors,426.23,10,0.057,9010.5,07/12/2022,06:03:26,Credit card,384.93,57.28,516.12,8.4
751-000472,C,Naypyidaw,Normal,Female,Electronic accessories,32.05,5,0.076,172.43,08/12/2022,19:54:24,Cash,67.44,60.89,104.99,6.3
751-000473,B,Yangon,Normal,Female,Health and beauty,369.73,6,0.0519,2333.51,08/12/2022,10:47:19,E wallet,1284.83,44.94,1048.68,6.6
751-000474,C,Naypyidaw,Normal,Female,Sports and outdoors,177.25,9,0.054,1681.39,08/12/2022,03:53:53,Credit card,933.84,44.46,747.55,4.9
751-000475,A,Mandalay,Normal,Male,Electronic accessories,244.48,4,0.0836,1059.67,10/12/2022,22:16:44,E wallet,490.73,53.69,568.94,8.9
751-000476,C,Naypyidaw,Member,Male,Electronic accessories,465.14,2,0.0845,1008.89,10/12/2022,10:29:34,Credit card,488.61,51.57,520.28,9.6
751-000477,B,Mandalay,Member,Female,Electronic accessories,172.67,5,0.0671,921.28,12/12/2022,08:37:21,Credit card,355.34,61.43,565.94,7.7
751-000478,A,Naypyidaw,Member,Male,Book and media,238.02,3,0.0608,757.47,12/12/2022,20:42:47,Cash,438.65,42.09,318.82,6.1
751-000479,B,Mandalay,Member,Female,Book and media,16.7,2,0.0907,36.43,12/12/2022,18:26:36,Credit card,11.24,69.16,25.19,4.9
751-000480,B,Mandalay,Normal,Female,Electronic accessories,49.98,1,0.0609,53.02,12/12/2022,13:48:34,E wallet,31.58,40.43,21.44,5.6
751-000481,C,Mandalay,Member,Male,Clothing and accessories,136.71,2,0.0771,294.5,12/12/2022,03:15:15,E wallet,123.57,58.04,170.93,5.5
751-000482,B,Mandalay,Normal,Female,Book and media,23.65,6,0.0984,155.86,14/12/2022,20:25:56,Cash,67.21,56.88,88.65,7.7
751-000483,C,Yangon,Normal,Female,Home and lifestyle,319.37,8,0.0574,2701.61,14/12/2022,03:18:57,Cash,1511.82,44.04,1189.79,9.7
751-000484,A,Mandalay,Normal,Male,Electronic accessories,218.94,3,0.097,720.53,14/12/2022,16:44:25,Credit card,399.68,44.53,320.85,4.3
751-000485,C,Yangon,Member,Male,Home and lifestyle,278.59,9,0.0591,2655.49,14/12/2022,21:54:57,Cash,961.82,63.78,1693.67,4.0
751-000486,A,Yangon,Normal,Female,Home and lifestyle,95.58,9,0.0784,927.66,15/12/2022,00:43:35,E wallet,309.56,66.63,618.1,7.6
751-000487,C,Mandalay,Member,Male,Electronic accessories,155.01,2,0.0689,331.38,15/12/2022,10:36:01,E wallet,170.69,48.49,160.69,5.7
751-000488,B,Yangon,Member,Male,Health and beauty,335.27,40,0.0982,29455.5,16/12/2022,16:39:37,Cash,1380.28,53.14,1565.27,9.3
751-000489,C,Naypyidaw,Normal,Female,Clothing and accessories,483.0,5,0.0637,2568.84,16/12/2022,20:08:12,Cash,1267.72,50.65,1301.12,6.0
751-000490,C,Mandalay,Normal,Male,Electronic accessories,34.7,4,0.07,148.52,16/12/2022,10:15:15,Cash,85.87,42.18,62.65,5.7
751-000491,A,Yangon,Normal,Male,Electronic accessories,446.29,5,0.0991,2452.59,16/12/2022,01:41:43,Credit card,976.13,60.2,1476.46,5.6
751-000492,B,Mandalay,Member,Female,Book and media,292.67,4,0.0768,1260.59,20/12/2022,07:42:41,Credit card,444.23,64.76,816.36,4.9
751-000493,C,Mandalay,Normal,Male,Electronic accessories,286.32,8,0.0751,2462.58,23/12/2022,12:56:16,E wallet,1252.22,49.15,1210.36,7.5
751-000494,B,Mandalay,Member,Male,Health and beauty,255.14,4,0.0629,1084.75,24/12/2022,06:23:02,Credit card,328.57,69.71,756.18,5.0
751-000495,C,Yangon,Normal,Female,Book and media,44.0,6,0.0851,286.47,25/12/2022,19:12:18,Credit card,165.35,42.28,121.12,6.5
751-000496,C,Naypyidaw,Normal,Female,Food and beverages,54.04,2,0.0507,113.56,26/12/2022,06:08:18,Credit card,45.59,59.85,67.97,6.8
751-000497,B,Naypyidaw,Member,Female,Food and beverages,304.45,5,0.0525,1602.17,27/12/2022,12:53:39,Credit card,745.81,53.45,856.36,4.1
751-000498,C,Yangon,Member,Male,Home and lifestyle,177.07,6,0.08,1147.41,29/12/2022,21:17:22,E wallet,534.69,53.4,612.72,4.1
751-000499,B,Mandalay,Member,Female,Clothing and accessories,459.46,5,0.0671,2451.45,31/12/2022,01:49:49,Cash,1134.29,53.73,1317.16,7.1
751-000500,C,Yangon,Member,Female,Home and lifestyle,209.23,2,0.0977,459.34,31/12/2022,10:30:32,E wallet,239.96,47.76,219.38,8.2
751-000501,A,Yangon,Member,Male,Health and beauty,80.21,7,0.0952,614.92,31/12/2022,13:15:10,Credit card,236.93,61.47,377.99,9.7
751-000502,B,Yangon,Member,Female,Sports and outdoors,360.21,4,0.0857,1564.32,02/01/2023,00:06:30,Cash,599.92,61.65,964.4,5.1
751-000503,C,Mandalay,Normal,Female,Clothing and accessories,153.74,8,0.0909,1341.72,02/01/2023,15:45:46,Cash,691.39,48.47,650.33,4.6
751-000504,C,Yangon,Normal,Female,Food and beverages,267.48,7,0.0834,2028.51,04/01/2023,13:27:52,Cash,708.76,65.06,1319.75,4.3
751-000505,A,Mandalay,Member,Female,Home and lifestyle,351.94,7,0.0563,2602.28,04/01/2023,10:15:18,E wallet,1313.89,49.51,1288.39,6.6
751-000506,B,Yangon,Normal,Male,Food and beverages,451.13,9,0.0883,4418.68,04/01/2023,16:58:25,Cash,1690.15,61.75,2728.53,7.7
751-000507,C,Naypyidaw,Member,Female,Health and beauty,398.17,1,0.0605,422.26,05/01/2023,05:42:48,E wallet,238.03,43.63,184.23,
751-000508,A,Yangon,Normal,Female,Health and beauty,341.42,6,0.0662,2184.13,08/01/2023,08:49:16,E wallet,1199.96,45.06,984.17,8.1
751-000509,C,Yangon,Normal,Male,Sports and outdoors,343.02,6,0.091,2245.41,08/01/2023,11:22:53,Credit card,1134.61,49.47,1110.8,5.3
751-000510,B,Naypyidaw,Member,Female,Sports and outdoors,473.5,6,0.0768,3059.19,08/01/2023,21:04:42,Credit card,1290.37,57.82,1768.82,6.8
751-000511,C,Mandalay,Member,Male,Book and media,154.95,6,0.093,1016.16,08/01/2023,03:58:35,Cash,412.87,59.37,603.29,9.5
751-000512,C,Mandalay,Member,Male,Clothing and accessories,10.54,7,0.0607,78.26,09/01/2023,02:57:23,Cash,37.65,51.89,40.61,6.0
751-000513,C,Yangon,Normal,Male,Health and beauty,143.26,6,0.0804,928.67,09/01/2023,22:56:16,Credit card,535.47,42.34,393.2,7.0
751-000514,C,Naypyidaw,Member,Female,Home and lifestyle,116.77,1,0.0542,123.1,09/01/2023,06:25:03,E wallet,60.06,51.21,63.04,9.8
751-000515,A,Mandalay,Normal,Male,Food and beverages,334.3,3,0.0822,1085.34,10/01/2023,22:44:11,E wallet,426.97,60.66,658.37,8.4
751-000516,A,Yangon,Member,Male,Electronic accessories,320.52,2,0.0881,697.52,11/01/2023,00:20:18,Credit card,278.1,60.13,419.42,8.5
751-000517,B,Naypyidaw,Normal,Male,Sports and outdoors,300.8,6,0.0792,1947.74,12/01/2023,20:51:17,E wallet,1074.96,44.81,872.78,5.5
751-000518,A,Mandalay,Normal,Female,Electronic accessories,17.96,8,0.0633,152.77,12/01/2023,10:51:02,Credit card,91.31,40.23,61.46,6.5
751-000519,A,Mandalay,Member,Female,Home and lifestyle,367.1,3,0.0516,1158.13,14/01/2023,16:43:31,Credit card,433.26,62.59,724.87,4.5
751-000520,B,Naypyidaw,Normal,Female,Sports and outdoors,168.53,8,0.056,1423.74,15/01/2023,09:39:14,Cash,808.83,43.19,614.91,7.6
751-000521,A,Naypyidaw,Normal,Female,Electronic accessories,335.88,8,0.0811,2904.96,15/01/2023,04:03:57,Cash,1671.22,42.47,1233.74,4.6
751-000522,A,Naypyidaw,Member,Female,Clothing and accessories,282.72,5,0.0967,1550.3,19/01/2023,20:51:50,Credit card,928.94,40.08,621.36,9.0
751-000523,B,Naypyidaw,Normal,Female,Home and lifestyle,177.94,8,0.0603,1509.36,20/01/2023,20:03:14,Cash,709.7,52.98,799.66,8.9
751-000524,B,Yangon,Member,Female,Food and beverages,75.94,6,0.0868,495.19,20/01/2023,16:43:02,Credit card,222.34,55.1,272.85,7.2
751-000525,B,Naypyidaw,Member,Male,Clothing and accessories,56.27,5,0.0933,307.6,20/01/2023,09:46:41,E wallet,125.72,59.13,181.88,4.8
751-000526,C,Mandalay,Member,Male,Home and lifestyle,417.44,9,0.076,4042.49,21/01/2023,22:17:00,E wallet,2066.52,48.88,1975.97,4.2
751-000527,C,Mandalay,Member,Male,Book and media,460.01,7,0.0835,3488.95,21/01/2023,02:52:57,E wallet,1349.87,61.31,2139.08,8.8
751-000528,B,Yangon,Normal,Male,Sports and outdoors,328.4,8,0.0908,2865.75,21/01/2023,11:00:02,E wallet,1573.87,45.08,1291.88,7.6
751-000529,B,Mandalay,Normal,Female,Health and beauty,60.68,1,0.063,64.5,21/01/2023,02:36:18,Credit card,22.6,64.96,41.9,8.3
751-000530,B,Mandalay,Normal,Male,Food and beverages,206.99,2,0.0648,440.81,22/01/2023,00:35:28,E wallet,188.84,57.16,251.97,5.8
751-000531,C,Naypyidaw,Member,Male,Clothing and accessories,367.18,8,0.05,3084.31,22/01/2023,03:48:13,E wallet,1310.21,57.52,1774.1,7.1
751-000532,C,Mandalay,Normal,Male,Clothing and accessories,392.11,9,0.0982,3875.54,23/01/2023,17:26:32,E wallet,2081.55,46.29,1793.99,8.5
751-000533,A,Yangon,Normal,Male,Electronic accessories,67.93,4,0.0959,297.78,23/01/2023,21:47:02,E wallet,172.06,42.22,125.72,6.8
751-000534,A,Naypyidaw,Member,Female,Sports and outdoors,10.02,9,0.0882,98.13,24/01/2023,22:20:40,Credit card,45.2,53.94,52.93,7.6
751-000535,B,Naypyidaw,Member,Female,Health and beauty,358.95,4,0.054,1513.33,25/01/2023,22:03:20,E wallet,628.49,58.47,884.84,8.7
751-000536,C,Yangon,Normal,Female,Home and lifestyle,184.73,9,0.0724,1782.94,25/01/2023,04:42:30,Cash,1018.95,42.85,763.99,5.3
751-000537,C,Naypyidaw,Member,Male,Health and beauty,134.7,7,0.0551,994.85,27/01/2023,20:25:40,Cash,313.18,68.52,681.67,4.4
751-000538,C,Naypyidaw,Member,Female,Sports and outdoors,16.32,2,0.0508,34.3,27/01/2023,02:37:23,Cash,10.49,69.41,23.81,7.2
751-000539,B,Yangon,Member,Male,Sports and outdoors,274.75,9,0.0808,2672.55,27/01/2023,10:40:28,Cash,1166.3,56.36,1506.25,4.4
751-000540,A,Naypyidaw,Member,Female,Book and media,427.06,4,0.098,1875.65,28/01/2023,14:54:02,Cash,590.83,68.5,1284.82,8.6
751-000541,B,Yangon,Normal,Female,Book and media,479.24,8,0.0951,4198.53,28/01/2023,00:51:53,Cash,2293.24,45.38,1905.29,8.3
751-000542,A,Yangon,Member,Female,Health and beauty,287.22,7,0.0848,2181.03,28/01/2023,18:45:48,Credit card,1292.04,40.76,888.99,9.3
751-000543,A,Mandalay,Member,Female,Home and lifestyle,262.09,7,0.0548,1935.17,28/01/2023,21:13:48,Cash,1138.27,41.18,796.9,7.8
751-000544,B,Mandalay,Member,Female,Health and beauty,51.68,8,0.0637,439.78,29/01/2023,13:43:15,E wallet,186.33,57.63,253.45,4.4
751-000545,A,Naypyidaw,Member,Male,Sports and outdoors,278.95,1,0.066,297.36,29/01/2023,00:12:37,Cash,172.91,41.85,124.45,5.5
751-000546,A,Naypyidaw,Member,Female,Sports and outdoors,196.19,5,0.0882,1067.47,31/01/2023,16:11:54,Credit card,333.48,68.76,733.99,8.8
751-000547,C,Yangon,Member,Male,Electronic accessories,307.5,2,0.0901,670.41,31/01/2023,18:37:38,Cash,373.69,44.26,296.72,5.0
751-000548,A,Naypyidaw,Member,Male,Book and media,200.48,2,0.0693,428.75,01/02/2023,00:32:28,E wallet,218.06,49.14,210.69,8.2
751-000549,B,Yangon,Member,Male,Electronic accessories,127.75,1,0.0709,136.81,01/02/2023,04:05:30,E wallet,48.32,64.68,88.49,8.7
751-000550,B,Yangon,Normal,Male,Food and beverages,56.53,5,0.0522,297.4,02/02/2023,15:30:24,Credit card,158.93,46.56,138.47,6.0
751-000551,A,Naypyidaw,Member,Male,Sports and outdoors,164.31,2,0.0645,349.82,02/02/2023,15:45:32,Credit card,184.39,47.29,165.43,5.9
751-000552,C,Yangon,Normal,Female,Electronic accessories,57.36,4,0.0726,246.1,02/02/2023,12:51:09,Credit card,100.24,59.27,145.86,7.3
751-000553,C,Mandalay,Member,Female,Health and beauty,96.68,3,0.0558,306.22,04/02/2023,09:40:30,Credit card,158.38,48.28,147.84,9.2
751-000554,A,Naypyidaw,Member,Female,Book and media,493.79,3,0.0727,1589.07,05/02/2023,12:02:58,Cash,849.83,46.52,739.24,5.3
751-000555,A,Mandalay,Member,Female,Book and media,227.61,2,0.0927,497.42,05/02/2023,17:51:33,Cash,260.5,47.63,236.92,9.6
751-000556,B,Naypyidaw,Member,Male,Home and lifestyle,270.62,6,0.0791,1752.16,05/02/2023,16:27:18,E wallet,793.38,54.72,958.78,7.6
751-000557,A,Yangon,Normal,Female,Health and beauty,438.07,2,0.0539,923.36,05/02/2023,22:44:31,Credit card,286.43,68.98,636.93,10.0
751-000558,C,Naypyidaw,Member,Female,Home and lifestyle,497.83,8,0.0596,4220.01,06/02/2023,12:32:33,Credit card,1478.27,64.97,2741.74,4.5
751-000559,A,Mandalay,Member,Male,Electronic accessories,295.53,8,0.0737,2538.48,06/02/2023,00:55:04,Cash,1306.3,48.54,1232.18,4.8
751-000560,B,Yangon,Normal,Male,Clothing and accessories,408.11,5,0.0681,2179.51,07/02/2023,02:06:23,Credit card,1070.14,50.9,1109.37,9.0
751-000561,B,Naypyidaw,Normal,Female,Food and beverages,170.2,7,0.0679,1272.3,07/02/2023,21:44:22,E wallet,586.02,53.94,686.28,9.2
751-000562,B,Naypyidaw,Member,Female,Health and beauty,159.81,4,0.0765,688.14,07/02/2023,17:31:55,E wallet,210.78,69.37,477.36,6.7
751-000563,B,Naypyidaw,Normal,Male,Health and beauty,207.32,1,0.0792,223.74,08/02/2023,20:06:32,Credit card,122.68,45.17,101.06,8.3
751-000564,B,Mandalay,Normal,Female,Health and beauty,339.53,2,0.0898,740.04,09/02/2023,04:48:27,E wallet,364.69,50.72,375.35,9.2
751-000565,A,Mandalay,Normal,Female,Home and lifestyle,344.27,4,0.067,1469.34,09/02/2023,07:14:51,E wallet,560.11,61.88,909.23,4.3
751-000566,A,Naypyidaw,Member,Female,Electronic accessories,164.47,1,0.0903,179.32,11/02/2023,03:33:04,Cash,55.73,68.92,123.59,7.4
751-000567,A,Yangon,Member,Female,Health and beauty,75.27,8,0.0669,642.44,11/02/2023,00:56:04,E wallet,355.46,44.67,286.98,9.1
751-000568,A,Yangon,Member,Male,Clothing and accessories,319.87,9,0.0528,3030.83,12/02/2023,05:33:57,Credit card,1611.8,46.82,1419.03,6.4
751-000569,B,Mandalay,Normal,Male,Health and beauty,72.88,4,0.0777,314.17,12/02/2023,00:03:38,Credit card,167.23,46.77,146.94,5.8
751-000570,C,Yangon,Member,Male,Book and media,293.46,3,0.0794,950.28,13/02/2023,21:25:32,E wallet,564.18,40.63,386.1,8.8
751-000571,A,Mandalay,Normal,Female,Food and beverages,349.78,2,0.0967,767.21,14/02/2023,00:07:19,Credit card,321.31,58.12,445.9,6.0
751-000572,C,Naypyidaw,Member,Female,Book and media,353.3,5,0.0863,1918.95,15/02/2023,15:20:44,Cash,765.28,60.12,1153.67,4.0
751-000573,A,Mandalay,Member,Female,Book and media,379.2,3,0.0959,1246.7,17/02/2023,22:55:25,E wallet,522.62,58.08,724.08,9.8
751-000574,A,Mandalay,Normal,Female,Food and beverages,437.7,7,0.0954,3356.2,18/02/2023,22:17:30,E wallet,1941.9,42.14,1414.3,7.6
751-000575,C,Naypyidaw,Member,Female,Clothing and accessories,254.98,6,0.0802,1652.58,19/02/2023,19:41:11,E wallet,957.17,42.08,695.41,8.9
751-000576,B,Yangon,Normal,Male,Electronic accessories,367.82,1,0.0764,395.92,19/02/2023,00:41:08,Credit card,212.57,46.31,183.35,9.0
751-000577,A,,Normal,Female,Book and media,313.39,8,0.0779,2702.42,19/02/2023,02:50:25,Credit card,1386.07,48.71,1316.35,4.4
751-000578,A,Mandalay,Member,Female,Electronic accessories,101.45,2,0.0989,222.97,20/02/2023,08:41:50,E wallet,81.16,63.6,141.81,5.0
751-000579,A,Naypyidaw,Normal,Male,Book and media,22.59,5,0.0887,122.97,21/02/2023,15:23:49,Credit card,67.9,44.78,55.07,5.9
751-000580,C,Yangon,Member,Female,Sports and outdoors,149.43,9,0.0553,1419.24,22/02/2023,13:02:33,Credit card,832.81,41.32,586.43,5.9
751-000581,B,Mandalay,Member,Male,Food and beverages,227.09,8,0.0889,1978.23,23/02/2023,00:49:23,E wallet,953.11,51.82,1025.12,8.0
751-000582,C,Naypyidaw,Normal,Male,Book and media,312.38,2,0.0585,661.31,24/02/2023,08:12:01,E wallet,314.19,52.49,347.12,7.7
751-000583,C,Mandalay,Member,Male,Sports and outdoors,426.48,45,0.0724,41162.1,24/02/2023,06:47:20,Credit card,1912.8,53.53,2203.41,7.0
751-000584,B,Naypyidaw,Normal,Male,Home and lifestyle,106.16,5,0.0605,562.91,26/02/2023,18:24:46,E wallet,198.09,64.81,364.82,5.3
751-000585,C,Yangon,Member,Male,Sports and outdoors,71.52,6,0.0845,465.38,26/02/2023,21:10:32,E wallet,265.55,42.94,199.83,6.3
751-000586,B,Yangon,Member,Female,Health and beauty,482.11,3,0.0939,1582.14,26/02/2023,20:38:19,E wallet,615.14,61.12,967.0,7.3
751-000587,A,Yangon,Member,Male,Book and media,62.94,3,0.0645,201.0,01/03/2023,07:41:36,E wallet,100.22,50.14,100.78,6.8
751-000588,B,Yangon,Member,Male,Sports and outdoors,244.46,8,0.0541,2061.48,03/03/2023,08:24:24,Credit card,1045.17,49.3,1016.31,4.8
751-000589,A,Mandalay,Member,Female,Electronic accessories,296.93,2,0.0649,632.4,04/03/2023,00:01:18,E wallet,202.49,67.98,429.91,7.9
751-000590,C,Mandalay,Normal,Female,Home and lifestyle,275.27,2,0.0836,596.57,08/03/2023,13:19:41,Cash,313.5,47.45,283.07,4.4
751-000591,C,Yangon,Normal,Male,Clothing and accessories,52.16,5,0.0664,278.12,11/03/2023,08:41:28,E wallet,113.25,59.28,164.87,6.3
751-000592,A,Yangon,Normal,Female,Book and media,37.94,6,0.0639,242.19,11/03/2023,05:16:24,Cash,125.33,48.25,116.86,8.3
751-000593,C,Yangon,Normal,Female,Health and beauty,61.69,2,0.0592,130.68,11/03/2023,05:03:29,E wallet,58.53,55.21,72.15,4.1
751-000594,B,Mandalay,Normal,Male,Clothing and accessories,296.94,5,0.0749,1595.9,11/03/2023,19:02:22,Cash,581.07,63.59,1014.83,7.4
751-000595,A,Yangon,Normal,Male,Sports and outdoors,276.73,7,0.0638,2060.7,12/03/2023,18:17:25,Cash,691.36,66.45,1369.34,6.0
751-000596,C,Yangon,Member,Female,Clothing and accessories,124.53,8,0.0866,1082.51,13/03/2023,03:07:16,E wallet,377.15,65.16,705.36,4.1
751-000597,A,Yangon,Member,Male,Clothing and accessories,322.51,7,0.0538,2379.03,13/03/2023,04:44:56,E wallet,1011.8,57.47,1367.23,5.1
751-000598,B,Naypyidaw,Normal,Male,Home and lifestyle,411.83,8,0.0832,3568.75,14/03/2023,00:26:44,E wallet,1875.02,47.46,1693.73,9.6
751-000599,B,Yangon,Normal,Female,Clothing and accessories,30.37,9,0.0619,290.25,14/03/2023,03:21:25,Cash,116.56,59.84,173.69,7.1
751-000600,C,Naypyidaw,Member,Male,Clothing and accessories,254.08,5,0.0745,1365.04,15/03/2023,13:34:36,Credit card,528.27,61.3,836.77,10.0
751-000601,B,Naypyidaw,Member,Male,Book and media,347.76,5,0.0643,1850.6,17/03/2023,06:32:30,Credit card,1104.44,40.32,746.16,7.1
751-000602,A,Yangon,Member,Male,Home and lifestyle,133.63,4,0.0861,580.54,17/03/2023,22:11:10,E wallet,271.81,53.18,308.73,7.3
751-000603,B,Naypyidaw,Normal,Male,Health and beauty,160.81,9,0.0973,1588.11,18/03/2023,07:31:56,Credit card,551.07,65.3,1037.04,6.4
751-000604,A,Yangon,Normal,Male,Sports and outdoors,310.68,5,0.0959,1702.37,18/03/2023,05:21:33,Credit card,771.34,54.69,931.03,5.9
751-000605,A,Mandalay,Normal,Female,Home and lifestyle,449.99,2,0.0792,971.26,19/03/2023,18:51:19,E wallet,492.04,49.34,479.22,5.5
751-000606,B,Mandalay,Member,Female,Home and lifestyle,406.86,8,0.0731,3492.81,20/03/2023,13:32:09,Cash,1182.32,66.15,2310.49,6.1
751-000607,C,Mandalay,Member,Male,Food and beverages,295.73,7,0.0909,2258.28,21/03/2023,15:03:26,E wallet,1249.28,44.68,1009.0,6.8
751-000608,B,Mandalay,Normal,Female,Home and lifestyle,367.81,8,0.0842,3190.24,21/03/2023,10:15:58,Credit card,1716.67,46.19,1473.57,5.2
751-000609,A,Naypyidaw,Normal,Male,Food and beverages,188.76,3,0.0592,599.8,22/03/2023,19:32:47,Cash,236.2,60.62,363.6,5.3
751-000610,A,Yangon,Member,Male,Sports and outdoors,324.07,4,0.091,1414.24,22/03/2023,18:20:21,Credit card,699.06,50.57,715.18,5.6
751-000611,B,Yangon,Member,Male,Clothing and accessories,238.43,5,0.0714,1277.27,23/03/2023,08:08:08,Cash,493.15,61.39,784.12,6.7
751-000612,C,Yangon,Member,Male,Book and media,103.07,6,0.0594,655.15,23/03/2023,16:43:56,Credit card,362.1,44.73,293.05,7.9
751-000613,C,Mandalay,Member,Male,Book and media,353.85,1,0.0641,376.53,25/03/2023,12:07:15,E wallet,197.41,47.57,179.12,9.1
751-000614,A,Mandalay,Normal,Female,Sports and outdoors,282.67,4,0.0634,1202.37,26/03/2023,17:58:32,Credit card,664.91,44.7,537.46,5.7
751-000615,A,Yangon,Member,Female,Sports and outdoors,185.72,5,0.076,999.17,26/03/2023,00:11:05,Credit card,313.84,68.59,685.33,5.1
751-000616,C,Mandalay,Member,Male,Electronic accessories,456.56,7,0.0617,3393.11,27/03/2023,08:54:04,Cash,1623.26,52.16,1769.85,6.3
751-000617,B,Yangon,Member,Female,Clothing and accessories,20.26,5,0.0562,106.99,29/03/2023,15:17:48,Credit card,53.37,50.12,53.62,9.4
751-000618,A,Yangon,Normal,Male,Sports and outdoors,164.73,1,0.0562,173.99,29/03/2023,17:00:18,E wallet,103.65,40.43,70.34,4.1
751-000619,A,Yangon,Normal,Female,Home and lifestyle,37.87,7,0.0792,286.09,29/03/2023,21:07:02,E wallet,158.49,44.6,127.6,8.1
751-000620,C,Yangon,Member,Male,Book and media,385.6,8,0.0867,3352.25,31/03/2023,04:54:39,E wallet,1587.96,52.63,1764.29,6.9
751-000621,B,Yangon,Member,Female,Health and beauty,354.03,7,0.0661,2642.02,31/03/2023,18:17:49,Cash,1530.79,42.06,1111.23,5.0
751-000622,C,Yangon,Member,Male,Book and media,172.36,4,0.0517,725.08,01/04/2023,20:30:32,Cash,323.97,55.32,401.11,5.9
751-000623,B,Yangon,Normal,Male,Food and beverages,341.07,8,0.0564,2882.45,01/04/2023,14:17:56,Credit card,1336.02,53.65,1546.43,5.3
751-000624,B,Mandalay,Normal,Female,Book and media,204.01,5,0.0957,1117.67,01/04/2023,06:15:15,Credit card,413.31,63.02,704.36,9.3
751-000625,B,Yangon,Normal,Female,Electronic accessories,380.56,9,0.0747,3680.89,02/04/2023,14:37:40,Credit card,1480.09,59.79,2200.8,6.9
751-000626,A,Yangon,Member,Male,Clothing and accessories,232.55,5,0.0727,1247.28,02/04/2023,06:13:42,Cash,581.48,53.38,665.8,7.4
751-000627,C,Mandalay,Normal,Female,Sports and outdoors,212.02,1,0.0519,223.02,03/04/2023,20:47:24,Cash,118.78,46.74,104.24,7.6
751-000628,C,Mandalay,Member,Male,Clothing and accessories,468.02,9,0.0864,4576.11,04/04/2023,05:21:58,Credit card,1747.62,61.81,2828.49,7.8
751-000629,B,Mandalay,Member,Female,Sports and outdoors,132.93,5,0.0764,715.43,05/04/2023,15:51:28,Cash,277.3,61.24,438.13,7.0
751-000630,A,Yangon,Member,Female,Book and media,69.02,6,0.0601,439.01,05/04/2023,15:11:16,Cash,243.21,44.6,195.8,4.1
751-000631,A,Naypyidaw,Normal,Male,Health and beauty,296.43,4,0.0555,1251.53,06/04/2023,04:26:24,E wallet,407.5,67.44,844.03,6.0
751-000632,C,Naypyidaw,Member,Female,Health and beauty,484.97,6,0.0692,3111.18,06/04/2023,12:07:55,E wallet,1806.66,41.93,1304.52,5.1
751-000633,A,Mandalay,Normal,Female,Electronic accessories,195.14,8,0.0919,1704.59,06/04/2023,04:11:40,Credit card,994.63,41.65,709.96,8.1
751-000634,A,Naypyidaw,Normal,Male,Food and beverages,40.4,3,0.0933,132.51,07/04/2023,02:34:32,Credit card,72.06,45.62,60.45,4.3
751-000635,B,Mandalay,Member,Female,Book and media,176.26,5,0.0801,951.89,07/04/2023,21:49:55,E wallet,311.46,67.28,640.43,7.4
751-000636,A,Yangon,Member,Male,Sports and outdoors,257.91,2,0.0864,560.39,09/04/2023,11:08:40,Cash,248.81,55.6,311.58,5.3
751-000637,B,Naypyidaw,Normal,Male,Book and media,89.34,2,0.0558,188.65,11/04/2023,17:49:28,Credit card,68.59,63.64,120.06,9.7
751-000638,C,Yangon,Member,Male,Electronic accessories,332.47,7,0.0794,2512.08,12/04/2023,06:26:35,Credit card,1335.42,46.84,1176.66,6.0
751-000639,A,Naypyidaw,Normal,Male,Home and lifestyle,498.9,6,0.0833,3242.75,13/04/2023,12:16:55,Credit card,1468.64,54.71,1774.11,6.0
751-000640,C,Yangon,Member,Male,Home and lifestyle,231.35,4,0.06,980.92,14/04/2023,01:45:02,Cash,483.1,50.75,497.82,9.5
751-000641,C,Naypyidaw,Normal,Female,Electronic accessories,183.82,5,0.094,1005.5,15/04/2023,04:13:02,E wallet,353.63,64.83,651.87,6.5
751-000642,A,Yangon,Normal,Male,Sports and outdoors,206.35,1,0.0597,218.67,15/04/2023,22:38:29,,129.72,40.68,88.95,9.8
751-000643,A,Yangon,Normal,Male,Clothing and accessories,66.42,7,0.0657,495.49,16/04/2023,17:44:22,E wallet,261.02,47.32,234.47,4.1
751-000644,C,Naypyidaw,Normal,Female,Electronic accessories,442.8,8,0.081,3829.33,16/04/2023,21:09:24,E wallet,2122.21,44.58,1707.12,5.8
751-000645,A,Yangon,Member,Female,Sports and outdoors,213.26,9,0.0819,2076.53,17/04/2023,12:15:40,Cash,710.59,65.78,1365.94,8.0
751-000646,B,Yangon,Member,Female,Health and beauty,199.76,8,0.085,1733.92,17/04/2023,01:54:36,Cash,797.08,54.03,936.84,9.3
751-000647,B,Yangon,Normal,Male,Electronic accessories,333.25,5,0.0556,1758.89,18/04/2023,21:16:22,Cash,841.98,52.13,916.91,5.5
751-000648,A,Naypyidaw,Normal,Male,Sports and outdoors,226.6,3,0.0925,742.68,18/04/2023,21:35:48,Cash,345.49,53.48,397.19,9.6
751-000649,C,Naypyidaw,Member,Male,Electronic accessories,327.63,9,0.0766,3174.54,18/04/2023,08:51:01,Cash,979.03,69.16,2195.51,7.6
751-000650,A,Yangon,Member,Female,Electronic accessories,40.11,6,0.0736,258.37,19/04/2023,17:52:58,Cash,89.11,65.51,169.26,8.8
751-000651,A,Yangon,Member,Male,Clothing and accessories,408.72,5,0.0991,2246.12,19/04/2023,21:42:12,Credit card,871.72,61.19,1374.4,6.4
751-000652,C,Naypyidaw,Member,Female,Clothing and accessories,470.85,3,0.087,1535.44,19/04/2023,07:58:00,E wallet,787.53,48.71,747.91,5.3
751-000653,C,Naypyidaw,Member,Male,Sports and outdoors,327.9,6,0.0559,2077.38,19/04/2023,16:11:03,Cash,1143.39,44.96,933.99,9.5
751-000654,B,Yangon,Member,Female,Sports and outdoors,477.74,3,0.0878,1559.06,20/04/2023,20:12:30,Credit card,504.51,67.64,1054.55,9.6
751-000655,C,Yangon,Normal,Male,Food and beverages,84.2,6,0.0548,532.88,20/04/2023,08:58:06,E wallet,252.11,52.69,280.77,7.0
751-000656,B,Yangon,Member,Male,Electronic accessories,243.93,4,0.0514,1025.87,21/04/2023,22:23:04,Cash,529.76,48.36,496.11,4.0
751-000657,C,Mandalay,Member,Male,Home and lifestyle,304.89,2,0.0702,652.59,21/04/2023,04:16:29,Cash,299.34,54.13,353.25,4.7
751-000658,A,Naypyidaw,Normal,Female,Electronic accessories,295.05,8,0.0997,2595.73,21/04/2023,08:05:24,Credit card,842.57,67.54,1753.16,7.4
751-000659,B,Mandalay,Member,Female,Electronic accessories,206.72,4,0.0587,875.42,22/04/2023,18:15:20,E wallet,423.62,51.61,451.8,4.1
751-000660,B,Naypyidaw,Member,Male,Sports and outdoors,175.66,9,0.0836,1713.11,22/04/2023,01:09:15,Cash,738.69,56.88,974.42,6.4
751-000661,B,Naypyidaw,Member,Male,Electronic accessories,72.14,7,0.0587,534.62,22/04/2023,04:14:12,E wallet,191.98,64.09,342.64,5.8
751-000662,A,Naypyidaw,Member,Male,Book and media,201.95,2,0.0862,438.72,26/04/2023,12:31:44,Credit card,207.03,52.81,231.69,8.3
751-000663,A,Naypyidaw,Member,Female,Electronic accessories,89.7,4,0.0753,385.82,26/04/2023,14:45:07,Cash,204.45,47.01,181.37,4.3
751-000664,A,Naypyidaw,Normal,Male,Book and media,369.84,5,0.084,2004.53,29/04/2023,10:17:55,E wallet,604.57,69.84,1399.96,6.9
751-000665,A,Naypyidaw,Member,Male,Clothing and accessories,112.33,3,0.0601,357.24,30/04/2023,03:25:09,Credit card,111.82,68.7,245.42,7.5
751-000666,A,Naypyidaw,Normal,Male,Home and lifestyle,38.7,9,0.0873,378.71,30/04/2023,00:28:04,Credit card,131.41,65.3,247.3,7.7
751-000667,B,Mandalay,Normal,Male,Sports and outdoors,280.66,5,0.0998,1543.35,30/04/2023,12:00:22,Cash,607.31,60.65,936.04,6.4
751-000668,A,Yangon,Member,Female,Electronic accessories,301.66,2,0.0833,653.58,03/05/2023,07:02:02,E wallet,334.31,48.85,319.27,5.8
751-000669,B,Yangon,Normal,Female,Book and media,437.24,3,0.0747,1409.71,03/05/2023,06:35:34,Cash,459.57,67.4,950.14,8.1
751-000670,A,Mandalay,Member,Male,Book and media,292.72,9,0.0962,2887.92,04/05/2023,14:39:02,Cash,1493.92,48.27,1394.0,9.1
751-000671,C,Mandalay,Normal,Male,Clothing and accessories,179.29,7,0.0508,1318.79,05/05/2023,06:17:10,E wallet,474.5,64.02,844.29,8.2
751-000672,B,Mandalay,Normal,Female,Book and media,403.48,2,0.0865,876.76,05/05/2023,10:48:37,E wallet,284.51,67.55,592.25,9.6
751-000673,C,Mandalay,Member,Female,Health and beauty,274.74,9,0.0944,2706.08,07/05/2023,07:00:28,E wallet,1134.12,58.09,1571.96,8.3
751-000674,B,Naypyidaw,Member,Male,Food and beverages,48.85,4,0.0531,205.78,07/05/2023,09:27:56,Credit card,73.9,64.09,131.88,8.6
751-000675,C,Yangon,Member,Female,Home and lifestyle,287.27,9,0.0725,2772.87,08/05/2023,18:02:35,Credit card,1005.17,63.75,1767.7,5.0
751-000676,A,Naypyidaw,Member,Female,Clothing and accessories,454.93,2,0.0602,964.63,08/05/2023,10:14:32,E wallet,522.93,45.79,441.7,6.5
751-000677,A,Yangon,Member,Male,Clothing and accessories,204.19,4,0.0783,880.71,11/05/2023,08:42:50,Credit card,351.93,60.04,528.78,6.9
751-000678,A,Yangon,Normal,Female,Electronic accessories,155.2,5,0.0825,840.02,12/05/2023,12:25:15,Cash,480.49,42.8,359.53,5.5
751-000679,B,Mandalay,Normal,Female,Health and beauty,80.3,2,0.0651,171.06,12/05/2023,03:32:19,E wallet,76.57,55.24,94.49,7.2
751-000680,C,Naypyidaw,Normal,Male,Electronic accessories,84.21,1,0.073,90.36,12/05/2023,12:32:04,Cash,49.82,44.87,40.54,5.7
751-000681,A,Mandalay,Normal,Male,Electronic accessories,222.06,7,0.064,1653.9,14/05/2023,04:13:26,E wallet,785.77,52.49,868.13,8.1
751-000682,C,Naypyidaw,Normal,Female,Sports and outdoors,301.88,1,0.0685,322.56,14/05/2023,22:13:39,Cash,112.93,64.99,209.63,6.8
751-000683,C,Yangon,Normal,Male,Sports and outdoors,49.5,8,0.058,418.97,15/05/2023,03:38:51,E wallet,127.28,69.62,291.69,6.8
751-000684,A,Mandalay,Normal,Female,Sports and outdoors,470.39,3,0.0943,1544.24,16/05/2023,18:46:53,Cash,779.22,49.54,765.02,9.9
751-000685,A,Mandalay,Member,Male,Health and beauty,380.02,6,0.0505,2395.27,17/05/2023,03:29:18,E wallet,1054.88,55.96,1340.39,6.4
751-000686,C,Yangon,Member,Female,Electronic accessories,297.45,7,0.0941,2278.08,18/05/2023,08:52:12,E wallet,1017.39,55.34,1260.69,6.2
751-000687,A,Yangon,Normal,Male,Food and beverages,415.93,1,0.0786,448.62,18/05/2023,13:54:45,Credit card,140.73,68.63,307.89,5.9
751-000688,A,Yangon,Normal,Female,Home and lifestyle,49.29,6,0.0666,315.44,18/05/2023,21:09:47,Cash,143.97,54.36,171.47,9.4
751-000689,A,Mandalay,Member,Female,Sports and outdoors,243.65,7,0.0862,1852.57,19/05/2023,04:22:26,Credit card,723.06,60.97,1129.51,7.0
751-000690,B,Naypyidaw,Member,Female,Sports and outdoors,318.75,6,0.0754,2056.7,19/05/2023,05:25:01,Cash,665.34,67.65,1391.36,7.6
751-000691,C,Mandalay,Member,Male,Clothing and accessories,416.04,4,0.075,1788.97,20/05/2023,12:12:50,Credit card,873.02,51.2,915.95,5.1
751-000692,C,Naypyidaw,Member,Male,Electronic accessories,393.9,1,0.0555,415.76,20/05/2023,17:18:00,E wallet,136.95,67.06,278.81,7.2
751-000693,B,Mandalay,Normal,Female,Electronic accessories,145.76,9,0.0695,1403.01,21/05/2023,07:31:21,Credit card,455.7,67.52,947.31,5.6
751-000694,C,Mandalay,Member,Female,Health and beauty,471.03,4,0.0621,2001.12,21/05/2023,15:28:01,Credit card,641.96,67.92,1359.16,8.4
751-000695,A,Yangon,Normal,Male,Health and beauty,70.93,7,0.0508,521.73,21/05/2023,07:37:47,E wallet,270.73,48.11,251.0,9.0
751-000696,C,Naypyidaw,Normal,Male,Sports and outdoors,438.82,7,0.068,3280.62,21/05/2023,22:10:16,Credit card,1574.37,52.01,1706.25,8.3
751-000697,A,Mandalay,Normal,Male,Electronic accessories,485.76,2,0.0545,1024.47,23/05/2023,22:50:42,E wallet,347.19,66.11,677.28,8.4
751-000698,B,,Member,Male,Food and beverages,96.81,1,0.0628,102.89,23/05/2023,07:21:03,Cash,50.65,50.77,52.24,7.1
751-000699,A,Yangon,Member,Male,Home and lifestyle,363.81,8,0.0546,3069.39,23/05/2023,10:07:08,Credit card,1288.84,58.01,1780.55,8.3
751-000700,C,Yangon,Normal,Male,Electronic accessories,29.74,8,0.055,251.01,24/05/2023,01:15:30,E wallet,141.72,43.54,109.29,6.5
751-000701,C,Naypyidaw,Normal,Female,Clothing and accessories,208.66,7,0.06,1548.26,25/05/2023,05:52:20,E wallet,902.79,41.69,645.47,7.9
751-000702,C,Mandalay,Normal,Male,Electronic accessories,262.98,8,0.1,2314.22,25/05/2023,18:27:07,Credit card,1102.49,52.36,1211.73,5.6
751-000703,B,Naypyidaw,Member,Female,Book and media,294.52,3,0.0501,927.83,26/05/2023,13:23:47,Cash,395.53,57.37,532.3,4.4
751-000704,B,Mandalay,Normal,Male,Health and beauty,468.61,2,0.0819,1013.98,26/05/2023,11:36:55,Credit card,488.94,51.78,525.04,6.5
751-000705,C,Naypyidaw,Member,Male,Clothing and accessories,339.4,35,0.0571,25114.6,26/05/2023,18:31:49,E wallet,1071.64,57.33,1439.82,6.8
751-000706,A,Yangon,Normal,Female,Home and lifestyle,245.83,8,0.096,2155.44,26/05/2023,08:01:24,Cash,960.25,55.45,1195.19,5.5
751-000707,B,Mandalay,Normal,Female,Sports and outdoors,406.74,1,0.0547,428.99,26/05/2023,19:43:01,Credit card,169.15,60.57,259.84,8.4
751-000708,C,Naypyidaw,Normal,Male,Clothing and accessories,475.76,9,0.0978,4700.6,26/05/2023,09:00:35,E wallet,1904.21,59.49,2796.39,4.4
751-000709,C,Yangon,Member,Female,Electronic accessories,20.81,4,0.0805,89.94,27/05/2023,11:08:35,Credit card,42.51,52.73,47.43,5.3
751-000710,B,Yangon,Member,Female,Sports and outdoors,491.44,4,0.0501,2064.24,27/05/2023,08:27:37,Cash,975.35,52.75,1088.89,8.5
751-000711,B,Naypyidaw,Normal,Female,Electronic accessories,52.2,3,0.0947,171.43,28/05/2023,00:41:45,Cash,95.62,44.22,75.81,6.6
751-000712,B,Mandalay,Member,Female,Sports and outdoors,409.05,6,0.0761,2641.07,28/05/2023,21:24:17,Cash,1177.92,55.4,1463.15,8.2
751-000713,A,Mandalay,Normal,Male,Home and lifestyle,147.36,1,0.0631,156.66,28/05/2023,05:17:51,Cash,66.39,57.62,90.27,7.4
751-000714,A,Yangon,Member,Female,Health and beauty,74.77,6,0.0884,488.28,31/05/2023,15:14:47,Cash,223.19,54.29,265.09,9.7
751-000715,C,Mandalay,Member,Male,Home and lifestyle,225.53,2,0.0963,494.5,31/05/2023,07:12:54,Credit card,248.39,49.77,246.11,7.6
751-000716,B,Mandalay,Member,Male,Book and media,325.54,9,0.0742,3147.26,31/05/2023,10:56:06,Cash,1206.97,61.65,1940.29,4.1
751-000717,A,Mandalay,Normal,Male,Food and beverages,196.67,2,0.0658,419.22,01/06/2023,16:49:31,Cash,242.14,42.24,177.08,6.1
751-000718,B,Yangon,Member,Male,Health and beauty,36.74,7,0.0894,280.17,02/06/2023,21:54:50,E wallet,91.25,67.43,188.92,4.9
751-000719,C,Naypyidaw,Member,Female,Home and lifestyle,303.74,1,0.0841,329.28,02/06/2023,12:46:22,Cash,195.53,40.62,133.75,9.5
751-000720,A,Mandalay,Normal,Female,Book and media,452.18,7,0.0944,3464.06,02/06/2023,21:28:21,E wallet,1078.36,68.87,2385.7,4.6
751-000721,A,Yangon,Normal,Male,Food and beverages,197.78,5,0.0846,1072.56,03/06/2023,00:28:47,E wallet,494.77,53.87,577.79,6.3
751-000722,A,Yangon,Normal,Male,Book and media,116.0,8,0.0622,985.72,04/06/2023,04:57:34,E wallet,469.4,52.38,516.32,5.4
751-000723,C,Naypyidaw,Normal,Male,Electronic accessories,226.86,4,0.0966,995.1,05/06/2023,22:09:18,Credit card,520.54,47.69,474.56,9.1
751-000724,B,Mandalay,Member,Male,Electronic accessories,33.7,7,0.0552,248.92,06/06/2023,04:06:45,Credit card,148.61,40.3,100.31,5.9
751-000725,A,Mandalay,Member,Female,Sports and outdoors,412.04,6,0.0634,2628.98,08/06/2023,02:44:12,E wallet,1360.76,48.24,1268.22,10.0
751-000726,C,Naypyidaw,,Male,Health and beauty,414.91,5,0.076,2232.22,09/06/2023,09:01:05,Credit card,1266.12,43.28,966.1,4.2
751-000727,B,Naypyidaw,Member,Female,Electronic accessories,298.12,4,0.0783,1285.85,09/06/2023,07:35:24,Cash,517.04,59.79,768.81,4.8
751-000728,C,Yangon,Member,Male,Clothing and accessories,183.02,7,0.0508,1346.22,09/06/2023,11:46:39,Credit card,678.9,49.57,667.32,5.3
751-000729,B,Yangon,Normal,Male,Book and media,401.89,5,0.089,2188.29,09/06/2023,06:45:22,Cash,809.23,63.02,1379.06,8.9
751-000730,C,Naypyidaw,Member,Male,Health and beauty,281.8,5,0.0681,1504.95,10/06/2023,18:45:21,Cash,809.51,46.21,695.44,9.3
751-000731,B,Mandalay,Member,Male,Clothing and accessories,414.71,1,0.0703,443.86,10/06/2023,12:20:00,Credit card,146.43,67.01,297.43,4.4
751-000732,A,Yangon,Member,Female,Electronic accessories,319.41,2,0.0905,696.63,10/06/2023,18:32:03,Credit card,308.68,55.69,387.95,4.2
751-000733,B,Yangon,Normal,Female,Sports and outdoors,394.36,5,0.069,2107.85,15/06/2023,09:02:26,E wallet,1192.2,43.44,915.65,8.5
751-000734,C,Mandalay,Normal,Female,Home and lifestyle,303.3,3,0.0524,957.58,16/06/2023,19:40:34,Credit card,459.35,52.03,498.23,4.8
751-000735,C,Yangon,Member,Male,Sports and outdoors,212.93,2,0.0588,450.9,16/06/2023,05:05:54,Credit card,242.58,46.2,208.32,4.8
751-000736,B,Mandalay,Normal,Male,Clothing and accessories,479.39,4,0.0978,2105.1,18/06/2023,11:22:32,Credit card,1136.96,45.99,968.14,4.1
751-000737,A,Mandalay,Normal,Female,Food and beverages,275.15,4,0.0535,1159.48,21/06/2023,15:23:04,Cash,519.56,55.19,639.92,4.3
751-000738,A,Mandalay,Normal,Female,Electronic accessories,306.49,4,0.0677,1308.96,22/06/2023,08:41:12,Cash,521.49,60.16,787.47,5.6
751-000739,B,Naypyidaw,Normal,Male,Clothing and accessories,118.04,4,0.0752,507.67,24/06/2023,14:11:04,Cash,165.75,67.35,341.92,4.4
751-000740,B,Naypyidaw,Normal,Male,Food and beverages,316.57,3,0.0747,1020.65,25/06/2023,04:30:27,E wallet,458.68,55.06,561.97,6.2
751-000741,C,Naypyidaw,Normal,Female,Food and beverages,290.09,7,0.0502,2132.57,26/06/2023,17:43:26,E wallet,661.52,68.98,1471.05,9.0
751-000742,A,Mandalay,Normal,Male,Book and media,100.57,9,0.0751,973.11,27/06/2023,02:25:56,E wallet,308.96,68.25,664.15,6.0
751-000743,B,Mandalay,Member,Male,Health and beauty,39.2,5,0.0692,209.56,29/06/2023,06:48:50,Cash,71.36,65.95,138.2,8.4
751-000744,A,Naypyidaw,Member,Female,Book and media,306.14,4,0.0986,1345.3,30/06/2023,17:32:24,Credit card,605.38,55.0,739.92,4.6
751-000745,B,Yangon,Normal,Male,Electronic accessories,384.21,2,0.058,812.99,30/06/2023,04:58:01,E wallet,453.4,44.23,359.59,8.0
751-000746,B,Mandalay,Member,Female,Food and beverages,266.47,2,0.0677,569.02,01/07/2023,00:38:42,E wallet,304.2,46.54,264.82,5.9
751-000747,A,Yangon,Member,Male,Clothing and accessories,121.12,5,0.071,648.6,01/07/2023,10:31:17,Cash,263.14,59.43,385.46,8.5
751-000748,B,Yangon,Normal,Female,Home and lifestyle,336.6,7,0.0695,2519.96,01/07/2023,16:33:38,E wallet,1193.2,52.65,1326.76,4.8
751-000749,B,Mandalay,Member,Male,Food and beverages,49.25,9,0.0833,480.17,02/07/2023,06:41:53,Credit card,266.97,44.4,213.2,9.4
751-000750,C,Mandalay,Normal,Female,Clothing and accessories,226.5,7,0.0608,1681.9,02/07/2023,20:34:29,Cash,767.45,54.37,914.45,5.5
751-000751,B,Yangon,Normal,Female,Home and lifestyle,90.05,5,0.0611,477.76,04/07/2023,11:34:10,Cash,284.17,40.52,193.59,6.1
751-000752,B,Yangon,Normal,Female,Book and media,100.38,6,0.0865,654.38,05/07/2023,11:56:03,Credit card,248.53,62.02,405.85,9.7
751-000753,B,Naypyidaw,Member,Female,Book and media,109.12,3,0.075,351.91,05/07/2023,15:31:19,Credit card,203.37,42.21,148.54,7.5
751-000754,C,Naypyidaw,Member,Male,Health and beauty,199.49,5,0.0708,1068.07,05/07/2023,17:30:03,Credit card,439.3,58.87,628.77,6.2
751-000755,A,Mandalay,Member,Male,Clothing and accessories,35.06,8,0.0585,296.89,08/07/2023,21:37:52,E wallet,107.5,63.79,189.39,9.7
751-000756,C,Naypyidaw,Member,Female,Food and beverages,204.92,1,0.0594,217.09,08/07/2023,14:00:02,Credit card,121.61,43.98,95.48,6.0
751-000757,C,Naypyidaw,Normal,Male,Sports and outdoors,260.74,1,0.0505,273.91,10/07/2023,04:21:16,Cash,121.73,55.56,152.18,4.6
751-000758,A,Naypyidaw,Normal,Male,Book and media,246.81,7,0.0546,1822.0,10/07/2023,13:40:34,Credit card,667.4,63.37,1154.6,10.0
751-000759,C,Naypyidaw,Member,Male,Book and media,197.56,5,0.0778,1064.65,10/07/2023,12:34:42,Cash,555.53,47.82,509.12,5.6
751-000760,A,Yangon,Normal,Male,Health and beauty,421.18,5,0.0946,2305.12,10/07/2023,01:55:46,Cash,1270.35,44.89,1034.77,9.1
751-000761,C,Mandalay,Normal,Male,Home and lifestyle,81.21,1,0.0644,86.44,11/07/2023,12:50:53,E wallet,43.13,50.1,43.31,5.0
751-000762,A,Naypyidaw,Member,Female,Health and beauty,257.79,9,0.0664,2474.17,12/07/2023,15:17:06,,1072.8,56.64,1401.37,8.4
751-000763,B,Yangon,Normal,Female,Food and beverages,40.4,1,0.0558,42.65,13/07/2023,12:35:40,E wallet,18.23,57.26,24.42,7.1
751-000764,C,Yangon,Member,Female,Clothing and accessories,44.87,5,0.0694,239.92,14/07/2023,09:40:06,Credit card,134.52,43.93,105.4,9.9
751-000765,C,Yangon,Normal,Female,Electronic accessories,291.19,9,0.0519,2756.72,15/07/2023,14:39:18,Credit card,1275.53,53.73,1481.19,7.3
751-000766,C,Naypyidaw,Member,Male,Electronic accessories,287.35,4,0.0959,1259.63,16/07/2023,10:36:01,Credit card,654.38,48.05,605.25,4.2
751-000767,C,Naypyidaw,Normal,Male,Clothing and accessories,440.24,8,0.0837,3816.7,17/07/2023,09:47:54,Credit card,1325.92,65.26,2490.78,7.6
751-000768,B,Mandalay,Normal,Female,Home and lifestyle,283.36,6,0.0995,1869.33,17/07/2023,12:39:40,Credit card,945.69,49.41,923.64,4.9
751-000769,C,Naypyidaw,Member,Male,Book and media,480.3,3,0.0941,1576.49,17/07/2023,10:42:54,Cash,549.25,65.16,1027.24,8.8
751-000770,B,Naypyidaw,Member,Male,Home and lifestyle,33.86,4,0.0736,145.41,18/07/2023,15:41:55,Cash,68.55,52.86,76.86,9.1
751-000771,B,Yangon,Member,Female,Book and media,58.02,2,0.076,124.86,18/07/2023,11:56:05,Credit card,47.7,61.8,77.16,6.9
751-000772,B,Mandalay,Member,Male,Book and media,31.59,1,0.0595,33.47,18/07/2023,11:09:49,Cash,14.96,55.3,18.51,8.7
751-000773,B,Naypyidaw,Normal,Female,Electronic accessories,100.79,8,0.0731,865.26,19/07/2023,17:03:08,E wallet,357.7,58.66,507.56,4.9
751-000774,A,Naypyidaw,Normal,Female,Home and lifestyle,275.22,1,0.0952,301.42,19/07/2023,06:49:07,E wallet,145.1,51.86,156.32,7.0
751-000775,A,Yangon,Member,Male,Health and beauty,326.33,1,0.0525,343.46,19/07/2023,10:06:40,E wallet,126.91,63.05,216.55,6.4
751-000776,C,Yangon,Normal,Male,Book and media,32.34,4,0.0932,141.42,20/07/2023,07:02:16,Credit card,66.81,52.76,74.61,7.7
751-000777,A,Naypyidaw,Member,Female,Sports and outdoors,473.53,6,0.067,3031.54,20/07/2023,01:14:45,Credit card,1403.0,53.72,1628.54,4.3
751-000778,A,Mandalay,Member,Female,Sports and outdoors,422.66,9,0.095,4165.31,20/07/2023,17:47:51,Cash,1852.31,55.53,2313.0,8.5
751-000779,C,Mandalay,Normal,Male,Health and beauty,155.34,1,0.097,170.41,20/07/2023,21:03:56,Cash,59.73,64.95,110.68,4.5
751-000780,C,Yangon,Normal,Female,Sports and outdoors,47.82,7,0.0835,362.69,21/07/2023,19:05:37,Cash,145.87,59.78,216.82,7.9
751-000781,C,Yangon,Member,Female,Food and beverages,93.24,5,0.0832,504.99,23/07/2023,10:25:16,E wallet,250.12,50.47,254.87,4.1
751-000782,A,Naypyidaw,Member,Female,Book and media,72.2,8,0.0726,619.53,24/07/2023,02:30:12,E wallet,247.13,60.11,372.4,9.0
751-000783,A,Yangon,Member,Male,Health and beauty,70.41,7,0.0918,538.12,24/07/2023,21:34:15,E wallet,219.18,59.27,318.94,5.0
751-000784,C,Naypyidaw,Normal,Female,Home and lifestyle,264.1,4,0.0981,1160.03,26/07/2023,14:42:17,E wallet,372.02,67.93,788.01,7.1
751-000785,B,Mandalay,Normal,Male,Book and media,130.47,4,0.0888,568.22,26/07/2023,14:36:47,Cash,197.51,65.24,370.71,5.6
751-000786,C,Mandalay,Normal,Female,Health and beauty,185.49,6,0.0811,1203.2,27/07/2023,15:48:40,Credit card,488.26,59.42,714.94,8.3
751-000787,B,Naypyidaw,Normal,Male,Electronic accessories,494.86,6,0.0803,3207.58,28/07/2023,22:34:51,Credit card,1595.77,50.25,1611.81,5.9
751-000788,B,Yangon,Member,Female,Home and lifestyle,345.31,9,0.0925,3395.26,28/07/2023,12:53:34,E wallet,1243.0,63.39,2152.26,8.3
751-000789,C,Mandalay,Member,Male,Electronic accessories,475.0,5,0.0771,2558.11,28/07/2023,06:37:08,Credit card,1093.34,57.26,1464.77,5.7
751-000790,C,Yangon,Member,Male,Book and media,79.85,8,0.0902,696.42,29/07/2023,11:14:20,Credit card,211.99,69.56,484.43,8.5
751-000791,C,Mandalay,Member,Male,Home and lifestyle,197.25,5,0.0754,1060.61,29/07/2023,19:34:41,Credit card,557.56,47.43,503.05,4.2
751-000792,A,Naypyidaw,Member,Female,Sports and outdoors,281.82,2,0.0531,593.57,31/07/2023,00:50:18,E wallet,341.96,42.39,251.61,5.7
751-000793,B,Naypyidaw,Member,Female,Health and beauty,47.61,6,0.0692,305.43,01/08/2023,22:22:12,Cash,176.84,42.1,128.59,7.0
751-000794,A,Naypyidaw,Normal,Female,Book and media,12.05,9,0.0722,116.28,01/08/2023,11:00:50,Cash,47.44,59.2,68.84,4.3
751-000795,A,Mandalay,Normal,Male,Food and beverages,338.51,3,0.0571,1073.52,03/08/2023,15:24:54,Credit card,341.59,68.18,731.93,5.1
751-000796,C,Yangon,Member,Female,Home and lifestyle,324.49,1,0.0551,342.37,03/08/2023,22:27:46,Cash,205.22,40.06,137.15,9.6
751-000797,A,Yangon,Member,Male,Home and lifestyle,211.29,1,0.0768,227.52,04/08/2023,15:42:55,Cash,86.98,61.77,140.54,9.9
751-000798,C,Yangon,Normal,Female,Clothing and accessories,249.93,3,0.0543,790.5,05/08/2023,05:10:02,E wallet,318.49,59.71,472.01,8.4
751-000799,B,Mandalay,Normal,Male,Book and media,213.57,5,0.0651,1137.37,10/08/2023,14:00:06,E wallet,432.54,61.97,704.83,5.5
751-000800,C,Mandalay,Normal,Male,Book and media,21.76,3,0.0872,70.97,11/08/2023,00:48:31,Credit card,35.02,50.66,35.95,5.6
751-000801,A,Mandalay,Normal,Male,Electronic accessories,174.33,9,0.0982,1723.04,16/08/2023,08:28:25,Credit card,609.78,64.61,1113.26,7.9
751-000802,A,Mandalay,Member,Female,Clothing and accessories,96.77,8,0.0859,840.66,17/08/2023,22:44:42,Credit card,493.13,41.34,347.53,4.7
751-000803,C,Mandalay,Member,Female,Sports and outdoors,58.23,3,0.0996,192.09,18/08/2023,19:37:32,E wallet,71.73,62.66,120.36,9.7
751-000804,C,Yangon,Member,Female,Electronic accessories,478.79,9,0.0849,4674.95,19/08/2023,06:11:30,Cash,2430.51,48.01,2244.44,5.3
751-000805,A,Mandalay,Member,Male,Clothing and accessories,303.69,6,0.0647,1940.03,19/08/2023,21:19:54,E wallet,886.4,54.31,1053.63,10.0
751-000806,B,Mandalay,Member,Male,Electronic accessories,367.04,35,0.0836,27840.7,24/08/2023,18:16:35,E wallet,983.33,64.68,1800.74,7.0
751-000807,B,Yangon,Normal,Female,Sports and outdoors,164.53,4,0.0851,714.13,24/08/2023,02:00:49,Cash,370.35,48.14,343.78,8.6
751-000808,C,Mandalay,Member,Female,Clothing and accessories,202.64,4,0.0686,866.16,25/08/2023,20:46:39,Cash,471.54,45.56,394.62,4.0
751-000809,B,Yangon,Normal,Female,Clothing and accessories,126.09,2,0.0509,265.02,27/08/2023,00:19:13,Credit card,104.84,60.44,160.18,9.3
751-000810,A,Yangon,Member,Male,Food and beverages,57.51,5,0.0852,312.05,27/08/2023,03:04:22,Cash,137.3,56.0,174.75,
751-000811,C,Naypyidaw,Member,Male,Electronic accessories,97.73,8,0.0511,821.79,28/08/2023,12:55:14,Cash,366.27,55.43,455.52,8.0
751-000812,A,Naypyidaw,Member,Male,Electronic accessories,400.78,7,0.0816,3034.39,29/08/2023,05:32:54,Cash,1586.99,47.7,1447.4,8.8
751-000813,A,Naypyidaw,Member,Male,Home and lifestyle,342.0,7,0.0582,2533.33,30/08/2023,18:12:28,Cash,1493.4,41.05,1039.93,5.0
751-000814,B,Naypyidaw,Member,Male,Sports and outdoors,278.0,6,0.0783,1798.6,30/08/2023,05:14:15,Credit card,857.75,52.31,940.85,6.7
751-000815,C,Mandalay,Normal,Female,Health and beauty,242.79,3,0.0752,783.14,30/08/2023,22:47:09,Credit card,444.82,43.2,338.32,7.0
751-000816,C,Naypyidaw,Normal,Male,Food and beverages,461.99,5,0.0507,2427.06,31/08/2023,21:40:40,Cash,796.56,67.18,1630.5,5.9
751-000817,B,Yangon,Normal,Male,Clothing and accessories,45.64,1,0.0681,48.75,31/08/2023,16:16:48,Cash,28.65,41.24,20.1,6.9
751-000818,A,Mandalay,Member,Male,Clothing and accessories,147.49,7,0.0801,1115.13,01/09/2023,11:44:29,Credit card,524.67,52.95,590.46,
751-000819,A,Naypyidaw,Member,Male,Clothing and accessories,181.47,9,0.0924,1784.14,01/09/2023,11:45:09,Credit card,1042.47,41.57,741.67,6.2
751-000820,A,Yangon,Normal,Male,Food and beverages,393.39,1,0.0944,430.53,02/09/2023,22:18:28,Cash,245.96,42.87,184.57,8.0
751-000821,A,Mandalay,Member,Female,Clothing and accessories,496.33,2,0.0742,1066.32,02/09/2023,01:35:18,E wallet,428.98,59.77,637.34,7.8
751-000822,C,Mandalay,Member,Male,Clothing and accessories,127.93,3,0.0864,416.95,03/09/2023,06:25:14,Credit card,169.24,59.41,247.71,5.4
751-000823,C,Naypyidaw,Normal,Male,Sports and outdoors,438.41,3,0.0658,1401.77,04/09/2023,14:55:37,Credit card,827.18,40.99,574.59,9.4
751-000824,B,Mandalay,Member,Male,Book and media,417.01,8,0.0671,3559.93,04/09/2023,02:37:15,Credit card,2134.89,40.03,1425.04,9.2
751-000825,B,Yangon,Normal,Female,Book and media,120.08,7,0.0597,890.74,05/09/2023,01:30:27,Cash,513.42,42.36,377.32,7.1
751-000826,C,Mandalay,Member,Female,Home and lifestyle,205.67,6,0.0781,1330.4,05/09/2023,06:29:42,Cash,493.71,62.89,836.69,6.6
751-000827,C,Yangon,Normal,Female,Home and lifestyle,210.74,4,0.0657,898.34,05/09/2023,06:35:28,Credit card,381.44,57.54,516.9,6.3
751-000828,A,Mandalay,Member,Male,Clothing and accessories,489.33,9,0.0542,4642.67,05/09/2023,19:38:03,Cash,2732.68,41.14,1909.99,8.2
751-000829,A,Naypyidaw,Member,Female,Sports and outdoors,98.64,1,0.0843,106.96,05/09/2023,11:04:54,Cash,48.52,54.64,58.44,8.0
751-000830,B,Yangon,Normal,Male,Clothing and accessories,401.59,2,0.0854,871.77,05/09/2023,18:25:36,Credit card,336.85,61.36,534.92,5.2
751-000831,C,Mandalay,Member,Male,Home and lifestyle,173.75,4,0.068,742.26,07/09/2023,18:52:29,Cash,251.85,66.07,490.41,8.0
751-000832,B,Mandalay,Member,Female,Food and beverages,368.13,3,0.0538,1163.81,09/09/2023,02:58:57,E wallet,372.19,68.02,791.62,5.5
751-000833,C,Mandalay,Normal,Male,Food and beverages,215.81,1,0.0713,231.2,12/09/2023,10:06:48,Cash,116.02,49.82,115.18,4.1
751-000834,A,Yangon,Member,Male,Health and beauty,293.4,5,0.0721,1572.77,12/09/2023,08:52:40,Cash,879.65,44.07,693.12,8.2
751-000835,B,Yangon,Normal,Male,Book and media,417.98,7,0.0834,3169.88,15/09/2023,09:12:14,Credit card,1676.55,47.11,1493.33,7.9
751-000836,B,Yangon,Member,Female,Sports and outdoors,404.04,2,0.0658,861.25,15/09/2023,21:04:28,Credit card,316.16,63.29,545.09,6.5
751-000837,C,Naypyidaw,Member,Male,Electronic accessories,434.55,5,0.0841,2355.48,16/09/2023,02:26:26,E wallet,726.9,69.14,1628.58,7.2
751-000838,A,Naypyidaw,Member,Male,Book and media,39.21,6,0.0936,257.28,16/09/2023,07:31:19,Cash,118.37,53.99,138.91,9.7
751-000839,B,Yangon,Member,Female,Electronic accessories,349.1,7,0.0619,2594.97,16/09/2023,09:12:28,E wallet,1319.28,49.16,1275.69,7.6
751-000840,A,Mandalay,Normal,Male,Health and beauty,78.59,1,0.0989,86.36,17/09/2023,02:53:07,E wallet,40.69,52.88,45.67,7.9
751-000841,B,Naypyidaw,Member,Male,Health and beauty,213.75,7,0.0693,1599.94,17/09/2023,08:29:21,Credit card,813.73,49.14,786.21,4.4
751-000842,A,Yangon,Normal,Female,Clothing and accessories,278.81,4,0.0634,1185.95,17/09/2023,20:11:10,Cash,620.37,47.69,565.58,5.0
751-000843,C,Mandalay,Member,Male,Home and lifestyle,207.34,8,0.0711,1776.65,18/09/2023,01:49:40,Credit card,749.57,57.81,1027.08,5.8
751-000844,B,Naypyidaw,Member,Male,Health and beauty,264.61,4,0.0547,1116.34,18/09/2023,01:33:02,E wallet,664.56,40.47,451.78,7.2
751-000845,B,Mandalay,Member,Male,Health and beauty,498.3,6,0.0563,3158.13,20/09/2023,15:50:03,E wallet,1648.86,47.79,1509.27,8.7
751-000846,A,Mandalay,,Male,Electronic accessories,76.26,9,0.0707,734.86,20/09/2023,22:56:49,Credit card,295.12,59.84,439.74,5.9
751-000847,A,Mandalay,Normal,Male,Home and lifestyle,340.97,5,0.0881,1855.05,23/09/2023,19:24:29,Credit card,1095.22,40.96,759.83,6.1
751-000848,B,Mandalay,Normal,Female,Health and beauty,204.04,4,0.095,893.7,25/09/2023,17:41:10,Credit card,513.88,42.5,379.82,5.5
751-000849,C,Naypyidaw,Normal,Female,Book and media,75.17,8,0.0832,651.39,26/09/2023,16:25:55,Credit card,333.51,48.8,317.88,5.5
751-000850,A,Naypyidaw,Normal,Female,Health and beauty,87.78,9,0.0553,833.71,26/09/2023,22:55:51,Credit card,280.71,66.33,553.0,9.7
751-000851,A,Naypyidaw,Member,Female,Home and lifestyle,475.14,4,0.0836,2059.45,26/09/2023,15:19:44,E wallet,763.03,62.95,1296.42,7.8
751-000852,A,Yangon,Normal,Male,Clothing and accessories,441.0,3,0.0818,1431.22,26/09/2023,01:23:30,Credit card,849.29,40.66,581.93,4.9
751-000853,B,Naypyidaw,Normal,Male,Sports and outdoors,454.45,8,0.0903,3963.89,28/09/2023,01:56:13,Cash,1781.77,55.05,2182.12,8.3
751-000854,B,Mandalay,Member,Male,Home and lifestyle,495.85,5,0.0913,2705.61,30/09/2023,03:48:12,E wallet,1400.42,48.24,1305.19,8.3
751-000855,B,Naypyidaw,Member,Male,Electronic accessories,112.07,2,0.0934,245.07,30/09/2023,03:34:43,E wallet,99.35,59.46,145.72,8.0
751-000856,B,Mandalay,Member,Male,Sports and outdoors,184.17,9,0.0707,1774.72,30/09/2023,21:54:07,Cash,680.61,61.65,1094.11,4.8
751-000857,C,Yangon,Member,Female,Book and media,337.92,3,0.0849,1099.83,01/10/2023,01:05:30,Cash,375.15,65.89,724.68,6.4
751-000858,C,Mandalay,Normal,Female,Food and beverages,247.06,2,0.0634,525.45,01/10/2023,21:09:43,E wallet,240.34,54.26,285.11,4.6
751-000859,B,Mandalay,Normal,Male,Home and lifestyle,215.01,1,0.1,236.51,02/10/2023,20:41:09,Credit card,71.36,69.83,165.15,8.9
751-000860,C,Mandalay,Member,Male,Clothing and accessories,185.33,8,0.0588,1569.82,02/10/2023,22:02:31,E wallet,480.36,69.4,1089.46,7.9
751-000861,A,Yangon,Member,Male,Electronic accessories,300.95,3,0.0505,948.44,02/10/2023,19:09:28,E wallet,318.01,66.47,630.43,7.0
751-000862,A,Naypyidaw,Member,Female,Book and media,292.04,7,0.0574,2161.62,03/10/2023,08:51:50,Cash,924.09,57.25,1237.53,6.1
751-000863,A,Naypyidaw,Normal,Male,Sports and outdoors,89.11,1,0.0888,97.02,03/10/2023,13:33:36,E wallet,46.63,51.94,50.39,5.1
751-000864,B,Yangon,Normal,Male,Book and media,241.15,1,0.0723,258.59,04/10/2023,19:07:06,Credit card,126.89,50.93,131.7,4.6
751-000865,A,Mandalay,Member,Male,Home and lifestyle,281.2,9,0.0724,2714.03,04/10/2023,05:10:43,Cash,1618.65,40.36,1095.38,9.8
751-000866,C,Naypyidaw,Member,Female,Health and beauty,289.44,8,0.0978,2541.98,05/10/2023,17:50:41,E wallet,1335.05,47.48,1206.93,5.2
751-000867,B,Yangon,Normal,Male,Clothing and accessories,112.95,3,0.096,371.38,07/10/2023,20:45:02,E wallet,142.76,61.56,228.62,4.4
751-000868,C,Naypyidaw,Member,Female,Home and lifestyle,373.71,6,0.0656,2389.35,07/10/2023,17:23:46,Credit card,1000.9,58.11,1388.45,9.8
751-000869,A,Yangon,Member,Female,Food and beverages,22.35,3,0.0605,71.11,07/10/2023,05:09:26,E wallet,23.12,67.49,47.99,7.3
751-000870,A,Mandalay,Normal,Female,Home and lifestyle,183.87,4,0.0924,803.44,08/10/2023,11:06:16,E wallet,470.01,41.5,333.43,8.8
751-000871,A,Naypyidaw,Member,Female,Sports and outdoors,392.3,1,0.0953,429.69,08/10/2023,00:57:49,E wallet,237.79,44.66,191.9,4.3
751-000872,B,Yangon,Normal,Female,Sports and outdoors,286.31,5,0.0771,1541.92,09/10/2023,14:50:32,E wallet,560.03,63.68,981.89,7.4
751-000873,C,Naypyidaw,Member,Female,Home and lifestyle,137.97,1,0.0815,149.21,10/10/2023,04:46:30,Credit card,73.47,50.76,75.74,6.4
751-000874,B,Naypyidaw,Member,Male,Sports and outdoors,350.53,1,0.0628,372.54,10/10/2023,02:00:07,E wallet,210.3,43.55,162.24,8.6
751-000875,B,Naypyidaw,Normal,Male,Health and beauty,288.02,7,0.09,2197.59,10/10/2023,11:58:53,E wallet,661.69,69.89,1535.9,4.2
751-000876,A,Naypyidaw,Normal,Male,Book and media,400.16,6,0.0816,2596.88,11/10/2023,18:24:56,E wallet,944.74,63.62,1652.14,6.4
751-000877,B,Yangon,Member,Female,Home and lifestyle,370.16,2,0.0752,795.99,12/10/2023,11:12:27,Cash,380.01,52.26,415.98,8.8
751-000878,B,Mandalay,Normal,Male,Clothing and accessories,308.95,2,0.053,650.65,14/10/2023,00:50:05,Credit card,229.68,64.7,420.97,7.1
751-000879,A,Yangon,Member,Female,Health and beauty,249.21,7,0.0958,1911.59,15/10/2023,07:03:04,Cash,756.61,60.42,1154.98,7.3
751-000880,B,Yangon,Member,Female,Book and media,75.26,1,0.0808,81.34,15/10/2023,21:27:38,Cash,29.53,63.7,51.81,4.6
751-000881,A,Yangon,Normal,Female,Clothing and accessories,138.05,2,0.0596,292.56,16/10/2023,22:03:51,Credit card,103.98,64.46,188.58,4.8
751-000882,A,Mandalay,Member,Male,Clothing and accessories,215.36,8,0.0803,1861.23,16/10/2023,03:46:58,Cash,1069.46,42.54,791.77,8.1
751-000883,A,Naypyidaw,Member,Female,Clothing and accessories,303.66,6,0.0839,1974.82,17/10/2023,20:36:55,Cash,815.8,58.69,1159.02,8.1
751-000884,A,Naypyidaw,Normal,Female,Book and media,261.72,2,0.0763,563.38,18/10/2023,08:01:58,Cash,336.9,40.2,226.48,9.9
751-000885,B,Naypyidaw,Normal,Male,Health and beauty,151.21,7,0.0859,1149.39,18/10/2023,06:48:15,Credit card,674.69,41.3,474.7,8.3
751-000886,A,Mandalay,Member,Male,Clothing and accessories,13.17,4,0.0791,56.85,18/10/2023,16:19:57,E wallet,18.69,67.12,38.16,7.0
751-000887,A,Naypyidaw,Normal,Female,Clothing and accessories,253.16,2,0.0974,555.64,19/10/2023,22:33:10,Credit card,245.43,55.83,310.21,9.1
751-000888,B,Mandalay,Normal,Female,Electronic accessories,149.96,6,0.0527,947.18,19/10/2023,01:32:25,Credit card,359.17,62.08,588.01,4.6
751-000889,B,Naypyidaw,Normal,Male,Home and lifestyle,369.96,9,0.0553,3513.77,20/10/2023,01:22:40,Credit card,1224.2,65.16,2289.57,6.7
751-000890,C,Naypyidaw,Normal,Male,Book and media,21.73,9,0.0587,207.05,21/10/2023,21:57:33,Cash,65.24,68.49,141.81,5.7
751-000891,B,Yangon,Member,Male,Book and media,296.57,8,0.0845,2573.04,21/10/2023,14:09:14,E wallet,872.78,66.08,1700.26,4.6
751-000892,B,Mandalay,Member,Female,Sports and outdoors,471.32,3,0.0823,1530.33,21/10/2023,09:28:56,Credit card,696.3,54.5,834.03,8.6
751-000893,C,Yangon,Member,Male,Book and media,95.46,3,0.0946,313.47,21/10/2023,22:58:16,Credit card,156.48,50.08,156.99,7.1
751-000894,B,Yangon,Normal,Male,Health and beauty,241.11,2,0.0866,523.98,21/10/2023,08:49:35,E wallet,290.13,44.63,233.85,7.3
751-000895,B,Yangon,Normal,Male,Book and media,54.8,5,0.0754,294.66,22/10/2023,08:15:35,E wallet,141.41,52.01,153.25,6.5
751-000896,B,Mandalay,Normal,Female,Electronic accessories,316.58,4,0.0996,1392.45,22/10/2023,15:50:32,E wallet,682.44,50.99,710.01,6.8
751-000897,B,Mandalay,Normal,Male,Home and lifestyle,279.76,7,0.0633,2082.28,24/10/2023,22:30:05,Cash,899.75,56.79,1182.53,4.7
751-000898,C,Naypyidaw,Normal,Male,Home and lifestyle,209.61,4,0.0917,915.32,24/10/2023,09:15:03,E wallet,366.4,59.97,548.92,8.0
751-000899,B,Yangon,Normal,Male,Book and media,265.47,9,0.0713,2559.58,25/10/2023,21:21:12,Cash,784.51,69.35,1775.07,6.6
751-000900,B,Naypyidaw,Normal,Male,Clothing and accessories,449.32,2,0.0824,972.69,25/10/2023,15:51:28,Credit card,371.08,61.85,601.61,8.9
751-000901,C,Yangon,Member,Male,Food and beverages,106.18,6,0.0864,692.12,25/10/2023,05:25:10,Cash,281.62,59.31,410.5,5.2
751-000902,A,Mandalay,Member,Female,Food and beverages,21.06,7,0.0817,159.46,26/10/2023,02:51:09,E wallet,79.65,50.05,79.81,5.2
751-000903,C,Mandalay,Normal,Female,Clothing and accessories,432.22,4,0.057,1827.43,26/10/2023,00:51:42,Cash,1077.45,41.04,749.98,7.9
751-000904,A,Mandalay,Normal,Female,Clothing and accessories,292.79,6,0.0721,1883.4,26/10/2023,11:13:24,E wallet,967.31,48.64,916.09,9.1
751-000905,C,Yangon,Normal,Male,Clothing and accessories,446.42,7,0.0781,3369.0,26/10/2023,07:42:03,Cash,1244.85,63.05,2124.15,6.8
751-000906,C,Mandalay,Member,Female,Health and beauty,302.5,4,0.0925,1321.92,26/10/2023,06:09:50,Credit card,711.72,46.16,610.2,8.4
751-000907,B,Yangon,Member,Female,Food and beverages,406.98,8,0.0722,3490.91,27/10/2023,03:01:25,Cash,1348.54,61.37,2142.37,10.0
751-000908,A,Naypyidaw,Normal,Female,Clothing and accessories,220.54,9,0.0959,2175.21,28/10/2023,20:49:13,Credit card,926.86,57.39,1248.35,9.9
751-000909,B,Yangon,Normal,Male,Health and beauty,377.43,1,0.072,404.6,29/10/2023,15:53:42,,221.88,45.16,182.72,8.5
751-000910,A,Naypyidaw,Member,Male,Sports and outdoors,457.39,7,0.0774,3449.54,30/10/2023,09:16:45,Credit card,1798.94,47.85,1650.6,8.4
751-000911,C,Yangon,Member,Female,Health and beauty,290.34,9,0.0898,2847.71,01/11/2023,21:03:18,E wallet,1284.6,54.89,1563.11,5.5
751-000912,C,Naypyidaw,Member,Female,Food and beverages,98.58,5,0.0792,531.94,01/11/2023,01:38:08,E wallet,252.41,52.55,279.53,9.0
751-000913,A,Mandalay,Member,Male,Book and media,141.71,2,0.098,311.2,03/11/2023,18:15:53,Credit card,114.02,63.36,197.18,6.4
751-000914,B,Naypyidaw,Normal,Male,Sports and outdoors,107.34,6,0.083,697.5,03/11/2023,15:17:22,Credit card,264.84,62.03,432.66,9.8
751-000915,B,Mandalay,Member,Female,Food and beverages,130.96,7,0.0761,986.48,03/11/2023,20:20:10,Cash,421.82,57.24,564.66,4.5
751-000916,B,Mandalay,Member,Male,Health and beauty,160.14,2,0.0512,336.68,03/11/2023,06:40:03,Cash,118.95,64.67,217.73,6.6
751-000917,B,Naypyidaw,Normal,Female,Electronic accessories,282.02,2,0.0707,603.92,04/11/2023,12:58:25,Credit card,260.41,56.88,343.51,7.3
751-000918,C,Yangon,Member,Male,Home and lifestyle,298.12,1,0.065,317.5,04/11/2023,03:50:33,Credit card,98.65,68.93,218.85,6.4
751-000919,C,Yangon,Member,Female,Food and beverages,218.98,4,0.0874,952.48,05/11/2023,08:11:01,Credit card,509.39,46.52,443.09,5.3
751-000920,C,Yangon,Member,Female,Clothing and accessories,311.56,7,0.0604,2312.65,06/11/2023,05:04:04,Credit card,892.22,61.42,1420.43,7.6
751-000921,C,Yangon,Normal,Male,Health and beauty,49.97,9,0.0603,476.85,06/11/2023,19:21:04,E wallet,233.18,51.1,243.67,8.5
751-000922,C,Yangon,Member,Female,Clothing and accessories,53.02,3,0.0595,168.52,07/11/2023,03:08:28,Credit card,87.01,48.37,81.51,7.9
751-000923,B,Mandalay,Normal,Female,Clothing and accessories,94.2,7,0.0563,696.52,07/11/2023,21:26:09,Credit card,380.23,45.41,316.29,5.4
751-000924,B,Yangon,,Female,Clothing and accessories,263.86,7,0.0656,1968.18,07/11/2023,15:41:41,Credit card,854.58,56.58,1113.6,8.4
751-000925,B,Mandalay,Member,Male,Clothing and accessories,114.86,7,0.0943,879.84,08/11/2023,18:09:05,Credit card,471.07,46.46,408.77,5.5
751-000926,B,Mandalay,Member,Male,Clothing and accessories,148.81,2,0.0887,324.02,08/11/2023,16:04:57,E wallet,174.94,46.01,149.08,5.1
751-000927,C,Mandalay,Member,Male,Sports and outdoors,206.15,6,0.0868,1344.26,12/11/2023,05:58:55,Cash,407.04,69.72,937.22,8.1
751-000928,C,Naypyidaw,Member,Female,Food and beverages,407.81,2,0.0899,888.94,13/11/2023,14:24:58,Cash,319.57,64.05,569.37,9.1
751-000929,C,Naypyidaw,Normal,Male,Food and beverages,16.79,6,0.0635,107.14,13/11/2023,18:49:03,Cash,40.23,62.45,66.91,
751-000930,A,Mandalay,Member,Female,Home and lifestyle,328.2,3,0.0944,1077.55,13/11/2023,07:58:47,Cash,389.86,63.82,687.69,7.2
751-000931,B,Naypyidaw,Member,Female,Health and beauty,337.75,2,0.0569,713.94,13/11/2023,18:51:34,Cash,220.82,69.07,493.12,5.8
751-000932,B,Yangon,Member,Male,Electronic accessories,401.34,6,0.0668,2568.9,13/11/2023,09:33:35,E wallet,1099.49,57.2,1469.41,7.0
751-000933,C,Yangon,Normal,Male,Sports and outdoors,467.05,2,0.0793,1008.17,15/11/2023,05:42:45,Cash,538.26,46.61,469.91,4.8
751-000934,B,Mandalay,Member,Female,Health and beauty,19.87,5,0.0551,104.82,15/11/2023,15:58:52,E wallet,35.78,65.87,69.04,9.7
751-000935,B,Yangon,Member,Female,Sports and outdoors,85.35,2,0.0865,185.47,15/11/2023,18:33:24,E wallet,69.96,62.28,115.51,8.8
751-000936,C,Mandalay,Normal,Male,Food and beverages,444.22,3,0.0694,1425.15,16/11/2023,16:40:16,Cash,677.94,52.43,747.21,8.0
751-000937,A,Mandalay,Normal,Male,Clothing and accessories,234.67,3,0.0892,766.81,16/11/2023,14:29:38,Cash,351.12,54.21,415.69,7.2
751-000938,A,Yangon,Member,Male,Home and lifestyle,286.65,6,0.0746,1848.2,16/11/2023,21:54:30,Cash,880.85,52.34,967.35,8.8
751-000939,A,Naypyidaw,Member,Female,Home and lifestyle,334.88,6,0.059,2127.83,17/11/2023,18:34:28,Credit card,683.03,67.9,1444.8,7.0
751-000940,C,Yangon,Member,Female,Book and media,342.74,15,0.0867,11173.699999999999,18/11/2023,00:03:27,E wallet,555.22,50.31,562.15,5.8
751-000941,B,Yangon,Member,Female,Electronic accessories,466.55,3,0.0626,1487.27,19/11/2023,17:25:39,Cash,462.54,68.9,1024.73,5.0
751-000942,C,Mandalay,Member,Female,Home and lifestyle,498.51,1,0.0745,535.65,20/11/2023,18:54:54,Credit card,175.1,67.31,360.55,7.9
751-000943,C,Mandalay,Normal,Female,Clothing and accessories,362.88,7,0.0538,2676.82,20/11/2023,05:00:07,E wallet,1099.64,58.92,1577.18,9.6
751-000944,B,Mandalay,Normal,Male,Food and beverages,150.74,8,0.0809,1303.48,21/11/2023,00:50:42,Credit card,555.41,57.39,748.07,4.9
751-000945,A,Mandalay,Member,Male,Electronic accessories,441.08,2,0.0833,955.64,21/11/2023,20:23:24,Credit card,467.31,51.1,488.33,5.1
751-000946,A,Naypyidaw,Member,Female,Health and beauty,34.12,4,0.0689,145.88,22/11/2023,14:54:56,Cash,86.73,40.55,59.15,6.6
751-000947,C,Naypyidaw,Normal,Female,Clothing and accessories,123.23,7,0.0977,946.89,22/11/2023,10:18:28,E wallet,531.87,43.83,415.02,8.8
751-000948,A,Naypyidaw,Member,Male,Clothing and accessories,449.72,8,0.0937,3934.87,23/11/2023,20:09:55,Credit card,1470.46,62.63,2464.41,5.8
751-000949,C,Mandalay,Member,Male,Home and lifestyle,135.53,1,0.0854,147.1,23/11/2023,11:32:55,E wallet,67.45,54.15,79.65,5.5
751-000950,C,Mandalay,Member,Male,Electronic accessories,118.12,4,0.0857,512.97,23/11/2023,06:16:57,Cash,284.7,44.5,228.27,7.7
751-000951,B,Mandalay,Member,Male,Food and beverages,77.68,6,0.0626,495.26,23/11/2023,09:30:05,E wallet,257.93,47.92,237.33,7.2
751-000952,B,Naypyidaw,Member,Female,Book and media,430.96,3,0.0828,1399.93,24/11/2023,16:49:36,Credit card,441.82,68.44,958.11,4.4
751-000953,B,Mandalay,Normal,Male,Sports and outdoors,255.03,5,0.0599,1351.53,26/11/2023,17:25:48,Credit card,662.11,51.01,689.42,4.5
751-000954,C,Yangon,Member,Female,Sports and outdoors,340.7,9,0.0572,3241.69,27/11/2023,21:15:07,E wallet,1062.3,67.23,2179.39,7.9
751-000955,B,Yangon,Member,Male,Food and beverages,127.14,3,0.1,419.56,28/11/2023,12:28:31,Credit card,213.39,49.14,206.17,6.8
751-000956,A,Mandalay,Member,Male,Food and beverages,381.44,5,0.0811,2061.87,29/11/2023,15:10:31,Credit card,901.04,56.3,1160.83,9.8
751-000957,A,Yangon,Normal,Male,Sports and outdoors,382.4,8,0.0715,3277.93,29/11/2023,05:58:34,Credit card,1946.76,40.61,1331.17,8.1
751-000958,C,Yangon,Normal,Female,Book and media,163.17,6,0.0644,1042.07,30/11/2023,00:17:36,Cash,462.05,55.66,580.02,4.1
751-000959,C,Naypyidaw,Normal,Female,Electronic accessories,211.23,4,0.0802,912.68,30/11/2023,12:09:36,Cash,373.19,59.11,539.49,6.9
751-000960,B,Mandalay,Normal,Male,Sports and outdoors,112.75,8,0.0525,949.36,30/11/2023,13:16:00,Credit card,502.88,47.03,446.48,6.5
751-000961,C,Mandalay,Member,Female,Food and beverages,488.51,3,0.0547,1545.69,30/11/2023,01:38:09,E wallet,658.93,57.37,886.76,4.6
751-000962,C,Naypyidaw,Normal,Female,Home and lifestyle,326.35,3,0.0516,1029.57,01/12/2023,19:06:55,Cash,417.8,59.42,611.77,9.5
751-000963,A,Yangon,Member,Male,Health and beauty,467.93,4,0.075,2012.1,01/12/2023,15:36:28,E wallet,792.57,60.61,1219.53,8.8
751-000964,A,Yangon,Member,Male,Book and media,158.66,9,0.08,1542.18,02/12/2023,11:16:47,Credit card,566.13,63.29,976.05,5.4
751-000965,B,Mandalay,Normal,Female,Clothing and accessories,393.13,5,0.0531,2070.03,03/12/2023,19:25:47,Credit card,1048.68,49.34,1021.35,5.5
751-000966,C,Yangon,Normal,Female,Book and media,385.27,8,0.0861,3347.53,04/12/2023,18:57:46,E wallet,1438.43,57.03,1909.1,4.2
751-000967,C,Naypyidaw,Normal,Female,Home and lifestyle,348.91,6,0.0615,2222.21,05/12/2023,11:20:41,Cash,678.89,69.45,1543.32,5.8
751-000968,A,Naypyidaw,Normal,Male,Home and lifestyle,483.16,3,0.0843,1571.67,05/12/2023,21:33:06,E wallet,519.59,66.94,1052.08,
751-000969,C,Mandalay,Normal,Male,Clothing and accessories,202.84,8,0.0991,1783.53,05/12/2023,12:34:14,E wallet,560.39,68.58,1223.14,6.5
751-000970,A,Naypyidaw,Member,Female,Food and beverages,74.05,9,0.0846,722.83,07/12/2023,00:25:34,Credit card,349.99,51.58,372.84,9.8
751-000971,B,Naypyidaw,Normal,Male,Sports and outdoors,339.14,8,0.0942,2968.7,10/12/2023,09:58:58,Cash,1080.31,63.61,1888.39,
751-000972,A,Mandalay,Normal,Male,Electronic accessories,367.36,4,0.0974,1612.56,10/12/2023,14:21:58,E wallet,667.6,58.6,944.96,7.5
751-000973,C,Naypyidaw,Normal,Female,Book and media,291.78,6,0.0743,1880.76,11/12/2023,05:51:14,Cash,1081.81,42.48,798.95,9.1
751-000974,B,Naypyidaw,Member,Female,Clothing and accessories,111.34,1,0.0851,120.82,11/12/2023,20:06:56,Credit card,42.63,64.72,78.19,6.9
751-000975,A,Naypyidaw,Normal,Male,Book and media,257.18,4,0.0926,1123.98,11/12/2023,20:58:04,Cash,446.11,60.31,677.87,4.0
751-000976,A,Yangon,Member,Male,Home and lifestyle,162.97,8,0.0678,1392.15,12/12/2023,03:21:17,Credit card,752.18,45.97,639.97,5.5
751-000977,B,Mandalay,Normal,Female,Sports and outdoors,219.46,1,0.0631,233.31,15/12/2023,02:16:49,Cash,134.41,42.39,98.9,5.9
751-000978,B,Mandalay,Normal,Male,Book and media,326.16,3,0.0973,1073.69,15/12/2023,17:55:23,E wallet,374.61,65.11,699.08,9.8
751-000979,A,Mandalay,Member,Male,Electronic accessories,375.16,1,0.0863,407.54,15/12/2023,01:12:53,Credit card,234.87,42.37,172.67,9.5
751-000980,C,Yangon,Normal,Female,Home and lifestyle,123.79,9,0.061,1182.07,16/12/2023,14:04:02,E wallet,676.85,42.74,505.22,9.7
751-000981,A,Yangon,Member,Female,Electronic accessories,208.61,2,0.0725,447.47,18/12/2023,04:36:36,Credit card,211.12,52.82,236.35,9.0
751-000982,B,Mandalay,Member,Male,Sports and outdoors,141.89,9,0.0898,1391.69,19/12/2023,02:34:51,Cash,778.79,44.04,612.9,6.1
751-000983,A,Yangon,Member,Male,Book and media,107.33,4,0.0774,462.55,20/12/2023,22:27:29,Cash,150.75,67.41,311.8,9.4
751-000984,B,Mandalay,Normal,Male,Health and beauty,393.86,2,0.0825,852.71,21/12/2023,17:57:51,Credit card,391.31,54.11,461.4,9.9
751-000985,B,Yangon,Normal,Female,Book and media,455.53,4,0.0877,1981.92,21/12/2023,03:32:25,Credit card,850.84,57.07,1131.08,6.1
751-000986,C,Naypyidaw,Normal,Male,Sports and outdoors,191.41,6,0.0811,1241.6,25/12/2023,15:39:16,Credit card,399.3,67.84,842.3,5.6
751-000987,B,Naypyidaw,Member,Male,Book and media,378.13,7,0.077,2850.72,25/12/2023,07:06:56,Cash,1256.88,55.91,1593.84,7.3
751-000988,B,Mandalay,Normal,Female,Clothing and accessories,449.53,3,0.0875,1466.59,26/12/2023,07:52:55,Credit card,724.35,50.61,742.24,5.1
751-000989,C,Yangon,Member,Female,Book and media,424.6,3,0.0864,1383.86,27/12/2023,11:47:30,Credit card,499.44,63.91,884.42,4.2
751-000990,B,Yangon,Normal,Male,Food and beverages,99.58,8,0.0815,861.57,27/12/2023,11:18:09,E wallet,402.44,53.29,459.13,9.7
751-000991,C,Naypyidaw,Member,Female,Book and media,478.58,5,0.068,2555.62,28/12/2023,06:11:19,Credit card,1289.31,49.55,1266.31,9.6
751-000992,C,Naypyidaw,Member,Female,Book and media,194.57,4,0.0703,832.99,28/12/2023,04:47:40,E wallet,319.04,61.7,513.95,5.0
751-000993,B,Yangon,Member,Male,Electronic accessories,176.23,7,0.0985,1355.12,28/12/2023,06:51:53,E wallet,487.17,64.05,867.95,6.4
751-000994,B,Yangon,Normal,Female,Health and beauty,40.59,7,0.0556,299.93,29/12/2023,13:10:06,E wallet,108.72,63.75,191.21,9.0
751-000995,A,Yangon,Member,Female,Electronic accessories,248.23,9,0.0634,2375.71,30/12/2023,09:28:08,Cash,728.63,69.33,1647.08,8.0
751-000996,C,Yangon,Member,Male,Electronic accessories,63.42,9,0.0746,613.36,30/12/2023,03:47:09,E wallet,223.26,63.6,390.1,6.4
751-000997,A,Yangon,Member,Female,Home and lifestyle,131.78,5,0.0918,719.39,31/12/2023,18:55:30,Credit card,265.45,63.1,453.94,8.5
751-000998,B,Yangon,Member,Male,Food and beverages,165.3,8,0.0582,1399.36,31/12/2023,16:08:44,Cash,479.7,65.72,919.66,9.4
751-000999,A,Mandalay,Member,Male,Electronic accessories,406.32,1,0.0638,432.24,31/12/2023,00:33:44,Cash,259.3,40.01,172.94,9.6
751-000544,B,Mandalay,Member,Female,Health and beauty,51.68,8,0.0637,439.78,29/01/2023,13:43:15,E wallet,186.33,57.63,253.45,4.4
751-000515,A,Mandalay,Normal,Male,Food and beverages,334.3,3,0.0822,1085.34,10/01/2023,22:44:11,E wallet,426.97,60.66,658.37,8.4
751-000193,C,Yangon,Member,Male,Home and lifestyle,349.09,8,0.0507,2934.31,06/05/2022,07:09:45,E wallet,1480.36,49.55,1453.95,6.6
